symbol,time,period,calendarYear,revenue,netIncome,operatingCashFlow,operatingMargin,freeCashFlow,dividendsPaid,dividendYield,peRatio,priceEarningsToGrowthRatio,pbRatio,priceToSalesRatio,enterpriseValueOverEBITDA,EBITDAOverRevenue,debtToEquity
A,2022-07-31,Q3,2022,1718000000,329000000,283000000.0,0.239,219000000.0,-63000000.0,0.002,32.538,-15.293,6.962,22.191,85.736,0.242,0.533
AA,2022-06-30,Q2,2022,3644000000,549000000,536000000.0,0.18,429000000.0,-19000000.0,0.002,3.788,0.205,1.468,2.283,8.631,0.267,0.304
AAL,2022-06-30,Q2,2022,13422000000,476000000,1739000000.0,0.076,1047000000.0,0.0,0.008,4.331,0.034,-0.979,0.614,49.216,0.08,-4.901
AAP,2022-04-23,Q1,2022,3374210000,139791000,-54940000.0,0.06,-169794000.0,-154796000.0,0.011,24.11,-0.468,4.633,3.995,58.344,0.083,1.209
AAPL,2022-06-25,Q3,2022,82959000000,19442000000,22892000000.0,0.278,20790000000.0,-3811000000.0,0.002,29.442,-1.365,39.404,27.6,89.576,0.321,1.63
ABBN.SW,2022-06-30,Q2,2022,7251000000,379000000,382000000.0,0.081,231000000.0,-809000000.0,0.017,32.06,-0.904,3.961,6.703,67.051,0.113,0.462
ABBV,2022-06-30,Q2,2022,14583000000,924000000,5005000000.0,0.226,4862000000.0,-2507000000.0,0.009,73.348,115.657,18.501,18.59,81.691,0.26,4.163
ABC,2022-06-30,Q3,2022,60064601000,406964000,408622000.0,0.008,295233000.0,-97316000.0,0.003,18.155,-0.71,131.757,0.492,43.252,0.013,20.687
ABT,2022-06-30,Q2,2022,11257000000,2018000000,2410000000.0,0.211,2031000000.0,-828000000.0,0.004,23.572,-1.344,5.214,16.902,59.919,0.294,0.459
ACN,2022-05-31,Q3,2022,16158803000,1786075000,3064655000.0,0.161,2870039000.0,-613785000.0,0.003,26.434,2.842,8.829,11.687,61.928,0.185,0.128
ADBE,2022-06-03,Q2,2022,4386000000,1178000000,2040000000.0,0.349,1914000000.0,0.0,0.0,43.049,-6.41,14.505,46.249,117.864,0.395,0.291
ADI,2022-07-30,Q3,2022,3109880000,748985000,1247846000.0,0.287,1082962000.0,-394018000.0,0.004,29.675,-8.903,2.427,28.588,63.347,0.475,0.171
ADM,2022-06-30,Q2,2022,27284000000,1236000000,531000000.0,0.047,248000000.0,-227000000.0,0.005,8.884,0.516,1.801,1.61,30.11,0.068,0.361
ADP,2022-06-30,Q4,2022,4000900000,625500000,912900000.0,0.175,768600000.0,-434300000.0,0.005,34.914,-1.077,27.084,21.834,90.886,0.24,1.041
ADSK,2022-04-30,Q1,2023,1170000000,146000000,434000000.0,0.183,422000000.0,0.0,0.007,70.332,1.109,60.314,35.106,169.082,0.215,3.856
ADT,2022-06-30,Q2,2022,1601030000,91517000,514564000.0,0.132,268830000.0,-31692000.0,0.006,14.251,0.171,1.544,3.258,24.778,0.381,2.663
ADTN,2022-06-30,Q2,2022,172038000,2143000,-10787000.0,0.047,-12611000.0,-4439000.0,0.005,100.458,0.314,2.471,5.005,64.876,0.046,0.0
AEE,2022-06-30,Q2,2022,1726000000,207000000,484000000.0,0.179,-286000000.0,-153000000.0,0.007,28.177,-1.534,2.361,13.517,53.505,0.415,1.314
AEP,2022-06-30,Q2,2022,4639700000,520800000,1368500000.0,0.015,1300800000.0,-404700000.0,0.008,23.654,-0.805,774.796,10.621,50.548,0.368,527.237
AES,2022-06-30,Q2,2022,3078000000,-179000000,408000000.0,-0.044,-485000000.0,-19000000.0,0.001,-19.521,0.075,4.667,4.541,89.499,0.124,6.402
AFL,2022-06-30,Q2,2022,5350000000,1388000000,510000000.0,0.0,510000000.0,-248000000.0,0.007,6.385,0.175,1.343,6.626,25.689,0.328,0.281
AIG,2022-06-30,Q2,2022,14441000000,3036000000,574000000.0,0.0,574000000.0,-256000000.0,0.006,3.33,2.477,0.892,2.8,13.093,0.38,0.627
AIZ,2022-06-30,Q2,2022,2509700000,52200000,173000000.0,0.021,126800000.0,0.0,0.004,45.205,-0.715,2.116,3.761,4.469,0.058,0.0
AJG,2022-06-30,Q2,2022,2040200000,284200000,333700000.0,0.186,280300000.0,-107300000.0,0.003,30.147,-0.844,3.891,16.798,72.819,0.273,0.667
AKYA,2022-06-30,Q2,2022,17894000,-17495000,-13386000.0,-0.911,-14950000.0,0.0,0.003,-6.907,1.013,5.32,27.01,-30.762,-0.83,0.576
ALB,2022-06-30,Q2,2022,1479593000,406773000,-145865000.0,0.293,-416774000.0,-46257000.0,0.002,15.042,0.248,4.022,16.542,44.396,0.411,0.527
ALK,2022-06-30,Q2,2022,2658000000,139000000,948000000.0,0.07,604000000.0,0.0,0.013,9.115,0.046,1.334,1.907,26.833,0.117,0.912
ALKS,2022-06-30,Q2,2022,276219000,-30136000,-2306000.0,-0.125,-12268000.0,0.0,0.001,-40.489,-2.227,4.51,17.67,-438.332,-0.042,0.362
ALL,2022-06-30,Q2,2022,12220000000,-1015000000,1673000000.0,-0.084,1575000000.0,-236000000.0,0.007,-8.546,0.033,1.725,2.839,-98.595,-0.035,0.396
ALLE,2022-06-30,Q2,2022,773100000,115100000,88600000.0,0.19,72700000.0,-35700000.0,0.004,18.691,0.755,11.077,11.131,57.122,0.22,2.598
AMAT,2022-07-31,Q3,2022,6520000000,1606000000,1469000000.0,0.295,1259000000.0,-225000000.0,0.002,14.31,2.277,7.616,14.1,46.632,0.311,0.452
AMCR,2022-06-30,Q4,2022,3909,109,937000000.0,0.064,1307000000.0,-182000000.0,9846.668,42.393,-0.713,4.464,4.728,99.562,0.0,1.65
AME,2022-06-30,Q2,2022,1514552000,282373000,235896000.0,0.241,209745000.0,-50419000.0,0.002,22.387,5.283,3.638,16.695,61.812,0.293,0.309
AMEH,2022-03-31,Q1,2022,261703000,14264000,24038000.0,0.1,6549000.0,-1178000.0,0.001,37.957,11.767,4.569,8.275,65.161,0.099,0.415
AMGN,2022-06-30,Q2,2022,6594000000,1317000000,1930000000.0,0.33,1684000000.0,-1038000000.0,0.008,24.709,-2.89,53.81,19.74,60.098,0.407,14.76
AMN,2022-06-30,Q2,2022,1426607000,123800000,224462000.0,0.129,206181000.0,0.0,0.002,9.86,-0.929,4.698,3.422,26.137,0.152,0.823
AMP,2022-06-30,Q2,2022,3519000000,756000000,1409000000.0,0.0,1369000000.0,-137000000.0,0.005,8.827,14.762,6.202,7.585,21.035,0.327,1.139
AMR,2022-06-30,Q2,2022,1336412000,575429000,465931000.0,0.487,424065000.0,0.0,0.013,1.037,0.024,1.809,1.786,3.264,0.507,0.002
AMS.SW,2022-06-30,Q2,2022,1183000000,58000000,100000000.0,0.183,3000000.0,-53000000.0,0.025,9.265,0.032,0.606,1.817,15.088,0.217,0.77
AMT,2022-06-30,Q2,2022,2674300000,898200000,915300000.0,0.293,545200000.0,-638900000.0,0.005,32.637,1.273,16.851,43.846,81.974,0.751,6.481
ANGI,2022-03-31,Q1,2022,436159000,-33390000,-735000.0,-0.078,-27638000.0,0.0,0.001,-21.312,0.533,2.58,6.526,-183.343,-0.038,0.448
AON,2022-06-30,Q2,2022,2983000000,501000000,668000000.0,0.235,623000000.0,-119000000.0,0.002,28.704,-0.579,84.098,19.284,86.55,0.264,15.196
AOS,2022-06-30,Q2,2022,965900000,126200000,37900000.0,0.174,20100000.0,-43700000.0,0.005,16.865,2.563,4.749,8.814,45.713,0.192,0.176
APA,2022-06-30,Q2,2022,3047000000,926000000,1535000000.0,0.525,1147000000.0,-43000000.0,0.004,3.213,0.002,20.378,3.906,9.075,0.549,8.836
APD,2022-06-30,Q3,2022,3189300000,582100000,908200000.0,0.197,202700000.0,-359200000.0,0.007,22.928,2.383,3.913,16.739,53.167,0.341,0.501
APH,2022-06-30,Q2,2022,3136800000,472500000,542500000.0,0.207,451400000.0,-119500000.0,0.003,20.309,1.802,5.938,12.236,56.921,0.235,0.748
APTV,2022-06-30,Q2,2022,4057000000,-61000000,-107000000.0,0.024,-561000000.0,-8000000.0,0.0,-98.901,0.534,2.98,5.948,82.018,0.079,0.836
AR,2022-06-30,Q2,2022,2350567000,765135000,922712000.0,0.452,870797000.0,-62569000.0,0.007,3.11,0.005,1.585,4.049,12.052,0.51,0.737
ARCH,2022-06-30,Q2,2023,1133358000,407563000,268228000.0,0.373,236359000.0,-150716000.0,0.063,1.475,0.039,2.022,2.121,5.169,0.394,0.107
ARE,2022-06-30,Q2,2022,643764000,272214000,339034000.0,0.252,339034000.0,0.0,0.006,21.499,0.078,1.366,36.364,62.526,0.837,0.615
ARRY,2022-06-30,Q2,2022,424929000,-2777000,-10667000.0,-0.016,-12205000.0,0.0,0.004,-148.878,-1.615,4.59,3.892,156.275,0.037,2.203
ASML,2022-06-30,Q2,2022,5430500000,1396400000,2552900000.0,0.304,2315400000.0,-1475300000.0,0.009,28.844,0.276,21.064,29.668,91.533,0.325,0.573
ASML.AS,2022-06-30,Q2,2022,5430500000,1396400000,2552900000.0,0.304,2315400000.0,-1475300000.0,0.008,32.506,0.311,23.738,33.434,103.133,0.325,0.573
ATI,2022-06-30,Q2,2022,959500000,-38000000,-5200000.0,-0.012,-34000000.0,0.0,0.004,-18.616,0.083,3.709,2.949,30.032,0.026,2.233
ATO,2022-06-30,Q3,2022,816429000,128547000,288832000.0,0.189,-247178000.0,-95312000.0,0.006,30.496,-0.498,1.692,19.206,77.175,0.37,0.621
ATVI,2022-06-30,Q2,2022,1644000000,280000000,198000000.0,0.206,161000000.0,-367000000.0,0.006,54.363,-1.848,3.337,37.036,125.319,0.262,0.198
AUDC,2022-03-31,Q1,2022,66357000,8608000,938000.0,0.121,648000.0,-5832000.0,0.007,23.916,1.052,4.388,12.41,81.726,0.148,0.041
AVB,2022-06-30,Q2,2022,644559000,138691000,296368000.0,0.305,258291000.0,-222267000.0,0.008,48.891,-1.039,2.484,42.08,88.592,0.615,0.748
AVGO,2022-05-01,Q2,2022,8103000000,2590000000,4243000000.0,0.419,4158000000.0,-1750000000.0,0.007,22.698,2.492,11.217,29.02,58.095,0.564,1.868
AVY,2022-07-02,Q2,2022,2347000000,214500000,268200000.0,0.132,206800000.0,-61200000.0,0.005,15.658,1.715,6.936,5.724,43.21,0.163,1.287
AWK,2022-06-30,Q2,2022,937000000,218000000,42000000.0,0.349,-558000000.0,-119000000.0,0.004,31.051,0.819,3.577,28.897,71.809,0.575,1.467
AXGN,2022-06-30,Q2,2022,34454000,-7740000,-5688000.0,-0.23,-10009000.0,0.0,0.322,-11.109,-0.311,3.382,9.982,-59.246,-0.182,0.648
AXP,2022-06-30,Q2,2022,13385000000,1964000000,4259000000.0,0.0,3807000000.0,-408000000.0,0.004,13.269,-2.264,4.486,7.788,45.634,0.252,1.743
AY,2022-03-31,Q1,2022,247452000,-12042000,137315000.0,0.218,132308000.0,-49674000.0,0.013,-82.084,3107.015,2.48,15.978,59.627,0.631,3.553
AZN,2022-03-31,Q1,2022,11390000000,386000000,3232000000.0,0.077,2869000000.0,-2971000000.0,0.014,132.938,0.636,5.648,18.021,105.006,0.193,0.793
AZTA,2022-06-30,Q3,2022,132735000,-9570000,-419941000.0,-0.038,-435345000.0,0.0,0.001,-141.241,1.406,1.577,40.733,261.585,0.095,0.014
BA,2022-06-30,Q2,2022,16681000000,193000000,81000000.0,0.046,-182000000.0,0.0,0.014,105.143,0.91,-5.452,4.866,82.337,0.093,-3.479
BAC,2022-06-30,Q2,2022,22688000000,12444000000,-5049000000.0,0.189,-5049000000.0,-1995000000.0,0.008,5.089,0.057,0.941,11.164,22.555,0.71,1.041
BAH,2022-06-30,Q1,2023,2249600000,138284000,-45634000.0,0.092,-59368000.0,-58899000.0,0.005,21.624,0.376,10.896,5.317,60.416,0.107,2.683
BALL,2022-06-30,Q2,2022,4134000000,-174000000,-804000000.0,0.087,-1166000000.0,-65000000.0,0.002,16.189,0.317,7.409,7.772,72.857,0.015,2.213
BAX,2022-06-30,Q2,2022,3746000000,252000000,274000000.0,0.091,103000000.0,-141000000.0,0.004,32.115,0.125,3.654,8.642,64.777,0.196,1.891
BBWI,2022-04-30,Q1,2023,1450000000,155000000,66000000.0,0.193,66000000.0,0.0,0.003,22.232,-0.3,-5.184,9.506,68.223,0.194,-2.209
BBY,2022-04-30,Q1,2023,10647000000,341000000,-1384000000.0,0.043,-1599000000.0,-199000000.0,0.01,14.953,-0.345,7.371,1.916,34.799,0.064,1.189
BDC,2022-07-03,Q2,2022,666551000,58561000,49374000.0,0.123,29327000.0,-2244000.0,0.001,9.978,0.154,2.23,3.507,28.751,0.157,1.143
BDX,2022-06-30,Q3,2022,4641000000,390000000,380000000.0,0.116,137000000.0,-271000000.0,0.004,44.989,-3.252,2.753,15.122,80.645,0.227,0.616
BF-B,2022-04-30,Q4,2022,996000000,151000000,253000000.0,0.247,180000000.0,-90000000.0,0.003,53.48,-1.313,11.802,32.432,131.653,0.257,0.738
BG,2022-06-30,Q2,2022,17933000000,206000000,-1801000000.0,0.024,-1907000000.0,-80000000.0,0.006,16.707,-0.233,1.577,0.768,46.901,0.024,0.418
BIGC,2022-06-30,Q2,2022,68203000,-39605000,-13875000.0,-0.574,-16021000.0,0.0,0.003,-7.474,1.271,13.932,17.359,-54.734,-0.536,4.093
BIO,2022-06-30,Q2,2022,691099000,-927184000,96513000.0,0.174,53351000.0,-41707000.0,0.003,-3.977,-0.055,1.653,21.34,-24.726,-0.898,0.134
BK,2022-06-30,Q2,2022,4164000000,869000000,4990000000.0,0.0,4390000000.0,-313000000.0,0.009,9.73,0.492,0.825,8.123,-30.144,0.446,0.686
BKI,2022-06-30,Q2,2022,394500000,40300000,4700000.0,0.195,-23400000.0,0.0,0.013,62.672,-0.704,4.041,25.609,78.028,0.373,1.103
BKR,2022-06-30,Q2,2022,5047000000,-839000000,321000000.0,-0.005,95000000.0,-184000000.0,0.006,-8.611,0.007,1.942,5.726,-101.021,-0.064,0.445
BLFS,2022-03-31,Q1,2022,36220000,-7066000,-7924000.0,-0.211,-9380000.0,0.0,0.001,-33.788,-0.625,1.996,26.366,-94.368,-0.091,0.047
BLK,2022-06-30,Q2,2022,4526000000,1077000000,1645000000.0,0.369,1529000000.0,-737000000.0,0.008,21.389,-0.865,2.484,20.359,52.577,0.351,0.228
BLNK,2022-06-30,Q2,2022,11486,-22621,-11383000.0,-1.912,-12751000.0,0.0,0.0,-18.468,-0.923,5.591,114.147,-63.311,-1.905,0.006
BMI,2022-06-30,Q2,2022,137833000,16664000,19662000.0,0.16,18030000.0,-5843000.0,0.002,35.448,2.171,5.677,17.143,78.744,0.208,0.0
BMY,2022-06-30,Q2,2022,11887000000,1421000000,2261000000.0,0.165,1989000000.0,-1150000000.0,0.007,29.83,2.472,5.201,14.264,44.311,0.381,1.138
BNTX,2022-06-30,Q2,2022,3196500000,1672000000,3919100000.0,0.691,3843700000.0,-484300000.0,0.016,4.619,-0.084,1.835,9.663,9.241,0.738,0.012
BOX,2022-04-30,Q1,2023,238432000,-8921000,107730000.0,0.003,105198000.0,-3750000.0,0.001,-124.187,1.103,-9.157,18.586,287.433,0.063,-0.35
BR,2022-06-30,Q4,2022,1722900000,248100000,457400000.0,0.198,438700000.0,-74800000.0,0.004,16.835,0.417,8.705,9.697,49.088,0.243,2.095
BRO,2022-06-30,Q2,2022,839100000,145200000,242600000.0,0.275,234300000.0,-29000000.0,0.002,27.845,-0.804,3.776,19.273,65.204,0.333,1.014
BSX,2022-06-30,Q2,2022,3244000000,260000000,307000000.0,0.16,202000000.0,-14000000.0,0.0,51.235,0.359,3.089,16.426,101.111,0.189,0.51
BTPS.JK,2022-06-30,Q2,2022,1229641000000,445289000000,671994000000.0,0.0,613822000000.0,0.0,0.0,12.194,0.914,2.905,17.664,45.476,0.464,0.036
BTU,2022-06-30,Q2,2022,1321900000,409500000,283100000.0,0.34,247000000.0,0.0,0.016,1.878,0.004,1.368,2.327,5.917,0.403,0.397
BWA,2022-06-30,Q2,2022,3759000000,216000000,216000000.0,0.072,62000000.0,-41000000.0,0.005,9.15,1.098,1.148,2.103,22.788,0.127,0.625
BWXT,2022-06-30,Q2,2022,554208000,74613000,77422000.0,0.172,34887000.0,-20092000.0,0.004,16.87,0.6,7.149,9.085,50.782,0.225,1.96
BX,2022-06-30,Q2,2022,760516000,-29393000,1889691000.0,0.0,1844447000.0,-1663668000.0,0.026,-548.893,5.36,7.477,84.856,52.625,0.126,1.218
BXP,2022-06-30,Q2,2022,773927000,222989000,397149000.0,0.352,397149000.0,-171463000.0,0.012,15.634,0.279,2.349,18.018,59.419,0.661,2.348
C,2022-06-30,Q2,2022,19618000000,4547000000,10275000000.0,0.244,9039000000.0,-1228000000.0,0.014,4.909,0.678,0.449,4.551,10.935,0.479,1.294
CAG,2022-05-29,Q4,2022,2910000000,158900000,424700000.0,0.074,324500000.0,-149900000.0,0.009,24.859,-0.932,1.798,5.43,66.811,0.128,0.943
CAH,2022-06-30,Q4,2022,47103000000,138000000,2992000000.0,0.001,2828000000.0,-134000000.0,0.009,25.851,0.235,-20.127,0.303,29.038,0.004,-6.678
CAMT,2022-06-30,Q2,2022,79578000,19183000,21825000.0,0.262,20223000.0,0.0,0.018,37.774,-1.22,6.875,35.197,126.254,0.265,0.663
CARR,2022-06-30,Q2,2022,5211000000,573000000,32000000.0,0.157,-34000000.0,-128000000.0,0.004,13.158,-0.23,4.504,5.787,40.809,0.17,1.312
CAT,2022-06-30,Q2,2022,14247000000,1673000000,2233000000.0,0.136,1638000000.0,-592000000.0,0.006,14.184,1.513,6.036,6.663,45.588,0.194,1.667
CB,2022-06-30,Q2,2022,9941000000,1215000000,2720000000.0,0.0,2720000000.0,-340000000.0,0.004,16.927,-0.452,1.592,8.275,53.08,0.172,0.277
CBOE,2022-06-30,Q2,2022,985800000,-184500000,-634400000.0,-0.241,-645800000.0,-51200000.0,0.004,-16.304,0.061,3.689,12.205,-68.275,-0.204,0.643
CBRE,2022-06-30,Q2,2022,7771278000,487322000,454423000.0,0.067,399757000.0,0.0,0.0,12.288,0.5,2.944,3.082,42.061,0.102,0.319
CCEP,2020-12-31,Q4,2020,2884500000,186000000,0.0,0.105,0.0,0.0,0.014,25.855,0.091,3.193,6.669,60.881,0.142,1.059
CCI,2022-06-30,Q2,2022,1734000000,421000000,779000000.0,0.342,476000000.0,-637000000.0,0.009,43.295,178.116,9.275,42.046,98.212,0.583,3.464
CCL,2022-05-31,Q2,2022,2401000000,-1834000000,3000000.0,-0.613,-488000000.0,0.0,0.028,-2.157,-0.716,1.916,6.59,-50.802,-0.37,3.678
CCOI,2022-06-30,Q2,2022,148450000,11164000,34403000.0,0.199,17115000.0,-41855000.0,0.015,63.529,0.058,-6.445,19.11,73.177,0.383,-2.933
CDE,2022-06-30,Q2,2022,204123000,-77434000,22644000.0,0.036,-50512000.0,0.0,0.029,-2.729,0.003,0.986,4.141,-39.938,-0.163,0.605
CDW,2022-06-30,Q2,2022,6145800000,279300000,380300000.0,0.071,358000000.0,-67500000.0,0.003,19.067,1.603,19.257,3.466,55.119,0.082,6.021
CE,2022-06-30,Q2,2022,2486000000,434000000,495000000.0,0.194,371000000.0,-74000000.0,0.006,7.343,-0.547,2.612,5.128,22.91,0.282,0.664
CEG,2022-06-30,Q2,2022,5465000000,-111000000,-88000000.0,0.05,-478000000.0,-47000000.0,0.003,-42.171,0.204,1.702,3.426,30.012,0.041,0.41
CEIX,2022-06-30,Q2,2022,604882000,126291000,198351000.0,0.371,158933000.0,0.0,0.023,3.406,0.001,2.157,2.845,9.018,0.365,0.622
CENX,2022-03-31,Q1,2022,753600000,17700000,37400000.0,0.108,11400000.0,0.0,0.0,33.891,-0.478,5.456,3.184,27.654,0.061,0.891
CF,2022-06-30,Q2,2022,3389000000,1165000000,889000000.0,0.525,823000000.0,-83000000.0,0.005,3.83,0.119,3.89,5.267,10.234,0.539,0.678
CFG,2022-06-30,Q2,2022,1999000000,364000000,0.0,0.0,-5000000.0,-195000000.0,0.011,12.048,-0.436,0.721,8.775,33.483,0.43,0.594
CGNX,2022-07-03,Q2,2022,274628000,58901000,44112000.0,0.237,37444000.0,-11270000.0,0.001,32.462,-2.532,5.502,27.849,108.406,0.252,0.019
CHD,2022-06-30,Q2,2022,1325100000,187100000,157600000.0,0.197,134400000.0,-63700000.0,0.003,30.037,-3.604,6.324,16.964,77.166,0.241,0.592
CHRW,2022-06-30,Q2,2022,6798475000,348185000,265257000.0,0.069,222083000.0,-72413000.0,0.006,9.346,0.302,6.342,1.915,35.148,0.064,0.914
CI,2022-06-30,Q2,2022,45385000000,1559000000,1244000000.0,0.0,920000000.0,-352000000.0,0.004,13.316,-0.184,1.809,1.83,45.122,0.067,0.675
CINF,2022-06-30,Q2,2022,820000000,-808000000,557000000.0,0.0,553000000.0,-109000000.0,0.006,-5.875,0.001,1.799,23.158,-18.739,-1.222,0.08
CIVI,2022-06-30,Q2,2022,1151364000,468821000,722227000.0,0.607,512261000.0,-116172000.0,0.026,2.37,0.006,0.89,3.86,5.327,0.722,0.082
CL,2022-06-30,Q2,2022,4484000000,603000000,528000000.0,0.197,350000000.0,-436000000.0,0.007,27.803,3.058,399.174,14.956,81.348,0.203,47.363
CLF,2022-06-30,Q2,2022,6337000000,596000000,865000000.0,0.133,633000000.0,0.0,0.0,3.371,-0.13,1.194,1.268,11.862,0.168,0.694
CLR,2022-06-30,Q2,2022,2650474000,1208747000,1737657000.0,0.633,929604000.0,-100344000.0,0.004,4.833,0.047,2.594,8.816,13.743,0.8,0.631
CLSK,2022-06-30,Q3,2022,31027781,-29340223,86027796.0,-0.482,82837878.0,-314611.0,0.002,-1.379,0.0,0.429,5.215,18.726,-0.458,0.038
CLX,2022-06-30,Q4,2022,1801000000,101000000,229000000.0,0.102,166000000.0,-143000000.0,0.008,28.542,0.242,42.813,9.467,72.4,0.091,5.438
CMA,2022-06-30,Q2,2022,843000000,261000000,358000000.0,0.0,334000000.0,-94000000.0,0.01,9.239,0.233,1.499,11.442,12.613,0.446,0.409
CMC,2022-05-31,Q3,2022,2515727000,312429000,187379000.0,0.167,84595000.0,-16992000.0,0.004,3.855,-0.21,1.533,1.915,12.868,0.184,0.355
CMCSA,2022-06-30,Q2,2022,30016000000,3396000000,6327000000.0,0.212,3913000000.0,-1211000000.0,0.007,13.095,-3.405,1.946,5.926,29.1,0.303,1.0
CME,2022-06-30,Q2,2022,1237200000,662500000,617600000.0,0.606,599700000.0,-363300000.0,0.005,27.703,-3.878,2.622,59.339,75.219,0.806,0.123
CMI,2022-06-30,Q2,2022,6586000000,702000000,599000000.0,0.136,439000000.0,-204000000.0,0.007,9.732,0.141,3.127,4.149,28.282,0.16,0.435
CMP,2022-06-30,Q2,2021,214700000,-7900000,3000000.0,-0.016,-22400000.0,-5200000.0,0.004,-38.25,6.885,4.017,5.63,90.996,0.146,2.944
CMS,2022-06-30,Q2,2022,1920000000,145000000,352000000.0,0.124,-216000000.0,-137000000.0,0.007,33.645,-0.573,1.942,10.164,69.295,0.21,0.77
CNP,2022-06-30,Q2,2022,1944000000,190000000,398000000.0,0.181,-636000000.0,-107000000.0,0.006,24.481,-0.372,1.856,9.571,48.556,0.35,1.321
CNQ,2022-06-30,Q2,2022,13812000000,3502000000,5896000000.0,0.364,4516000000.0,-871000000.0,0.011,5.558,0.389,1.979,5.637,14.901,0.438,0.288
CNR,2022-07-02,Q2,2022,1803801000,380059000,103662000.0,0.308,76762000.0,0.0,0.024,2.063,0.008,1.796,1.739,8.424,0.35,1.846
CNX,2022-06-30,Q2,2022,1073061000,33357000,191967000.0,0.692,55299000.0,0.0,0.001,23.935,0.231,1.259,2.976,28.871,0.181,0.807
COF,2022-06-30,Q2,2022,8232000000,1949000000,2954000000.0,0.001,2954000000.0,0.0,0.009,5.228,-0.441,0.763,4.951,4.578,0.953,0.0
COMM,2022-06-30,Q2,2022,2300200000,-61000000,-94500000.0,0.027,-122200000.0,0.0,0.019,-5.207,-0.1,2.07,0.552,44.222,0.105,15.517
COO,2022-04-30,Q2,2022,829800000,126600000,131800000.0,0.16,88300000.0,-1500000.0,0.0,35.149,1.076,2.538,21.45,78.148,0.323,0.369
COP,2022-06-30,Q2,2022,21161000000,5145000000,7914000000.0,0.336,5946000000.0,-988000000.0,0.009,5.629,-0.54,2.307,5.474,13.383,0.46,0.325
COST,2022-05-08,Q3,2022,52596000000,1353000000,1227000000.0,0.034,373000000.0,-351000000.0,0.002,40.896,9.986,11.084,4.208,96.087,0.043,0.449
CPB,2022-05-01,Q2,2022,2130000000,188000000,813000000.0,0.088,882000000.0,-224000000.0,0.016,18.772,-1.643,4.158,6.628,40.322,0.217,1.178
CPE,2022-06-30,Q2,2022,913620000,348009000,372325000.0,0.544,153328000.0,0.0,0.0,1.737,0.002,1.07,2.646,8.169,0.524,1.114
CPT,2022-06-30,Q2,2022,361716000,497315000,208347000.0,0.149,47890000.0,-100852000.0,0.007,7.308,0.015,2.847,40.192,26.575,1.894,0.732
CRC,2022-06-30,Q2,2022,747000000,190000000,21000000.0,0.372,21000000.0,0.0,0.004,3.885,0.018,1.947,3.953,9.787,0.44,0.39
CRK,2022-06-30,Q2,2022,946254000,376891000,401894000.0,0.686,99717000.0,-4363000.0,0.002,1.859,0.004,1.938,2.962,7.015,0.686,1.785
CRL,2022-06-25,Q2,2022,973131000,109321000,149474000.0,0.193,66622000.0,0.0,0.0,26.304,1.561,4.344,11.82,66.023,0.229,1.27
CRS,2022-06-30,Q4,2022,563800000,2600000,107000000.0,0.044,74200000.0,-9800000.0,0.007,130.426,0.98,1.019,2.406,32.825,0.092,0.52
CSCO,2022-07-30,Q4,2022,13102000000,2815000000,3661000000.0,0.262,3555000000.0,-1555000000.0,0.008,16.702,5.929,5.034,15.845,47.112,0.268,0.208
CSL.AX,2020-09-30,Q1,2021,3315059012,765882267,0.0,0.293,408239837.0,-321688766.0,0.002,42.431,100.369,19.914,39.211,135.86,0.299,0.887
CSX,2022-06-30,Q2,2022,3815000000,1178000000,1231000000.0,0.446,751000000.0,-215000000.0,0.003,13.206,0.336,4.739,16.31,37.266,0.55,1.253
CTAS,2022-05-31,Q4,2022,2074686000,294461000,550570000.0,0.195,475749000.0,-98197000.0,0.002,34.622,-6.191,12.327,19.656,86.128,0.244,0.79
CTLT,2022-03-31,Q3,2022,1273000000,141000000,138000000.0,0.166,-10000000.0,0.0,0.0,35.394,0.75,4.31,15.681,75.896,0.242,0.897
CTRA,2022-06-30,Q2,2022,2572000000,1229000000,879000000.0,0.626,405000000.0,-484000000.0,0.023,4.213,0.041,1.699,8.052,11.404,0.787,0.264
CTSH,2022-06-30,Q2,2022,4906000000,577000000,528000000.0,0.155,485000000.0,-141000000.0,0.004,15.206,4.068,2.937,7.153,38.434,0.185,0.113
CTVA,2022-06-30,Q2,2022,6252000000,969000000,1097000000.0,0.23,958000000.0,-101000000.0,0.003,10.099,0.143,1.515,6.261,21.284,0.258,0.05
CTXS,2022-06-30,Q2,2022,859522000,115457000,171482000.0,0.202,154800000.0,0.0,0.004,26.665,0.298,14.939,14.328,70.562,0.246,4.084
CUBI,2022-07-02,Q2,2022,173078000,58650000,116940000.0,0.0,113736000.0,-1823000.0,0.001,5.436,-0.245,1.212,9.093,13.468,0.662,0.0
CVNA,2022-06-30,Q2,2022,3884000000,-238000000,106000000.0,-0.084,-35000000.0,0.0,0.0,-2.406,-0.129,4.25,0.59,-38.057,-0.015,13.442
CVS,2022-06-30,Q2,2022,80636000000,2951000000,5443000000.0,0.057,5035000000.0,-740000000.0,0.006,10.307,0.37,1.618,1.509,32.294,0.071,0.908
CVX,2022-06-30,Q2,2022,65372000000,11622000000,13782000000.0,0.195,10598000000.0,-2766000000.0,0.01,6.066,0.071,1.836,4.314,14.861,0.303,0.15
CW,2022-06-30,Q2,2022,609357000,70872000,31044000.0,0.161,22448000.0,0.0,0.003,17.902,0.243,2.717,8.328,48.33,0.212,0.603
CYRX,2022-06-30,Q2,2022,64153000,-9177000,-7011000.0,-0.082,-12397000.0,0.0,0.002,-41.179,-1.596,2.659,23.562,-502.032,-0.027,0.751
CZR,2022-06-30,Q2,2022,2821000000,-123000000,357000000.0,0.213,96000000.0,0.0,0.0,-16.659,-0.203,2.246,2.905,42.141,0.281,7.178
D,2022-06-30,Q2,2022,3596000000,-453000000,236000000.0,-0.088,-1361000000.0,-555000000.0,0.008,-36.047,0.22,2.308,18.164,42.784,0.04,1.352
DAL,2022-06-30,Q2,2022,13824000000,735000000,2535000000.0,0.11,2180000000.0,0.0,0.014,6.287,0.035,4.85,1.337,6.18,0.131,0.0
DBRG,2022-06-30,Q2,2022,289409000,-37321000,66046000.0,0.809,-13377000.0,-4660000.0,0.002,-20.134,-0.229,1.84,10.386,15.933,0.579,0.0
DD,2022-06-30,Q2,2022,3322000000,787000000,86000000.0,0.15,-49000000.0,-166000000.0,0.006,8.923,0.139,1.1,8.456,29.115,0.392,0.416
DDD,2022-06-30,Q2,2022,140045000,-32961000,-23086000.0,-0.229,-29375000.0,0.0,0.0,-9.395,0.395,1.581,8.845,-66.246,-0.149,0.631
DE,2022-07-31,Q3,2023,13000000000,1884000000,791000000.0,0.158,25000000.0,-322000000.0,0.003,13.91,0.105,6.175,8.731,53.799,0.0,1.716
DEN,2022-06-30,Q2,2022,482156000,155494000,240108000.0,0.484,100586000.0,0.0,0.001,4.992,0.0,2.447,6.44,12.444,0.521,0.012
DFS,2022-06-30,Q2,2022,3224000000,1111000000,1612000000.0,0.0,1564000000.0,-183000000.0,0.007,5.938,-0.93,1.917,8.185,18.415,0.588,1.321
DG,2022-04-29,Q1,2023,8751352000,552657000,702991000.0,0.085,425261000.0,-99832000.0,0.002,24.55,-3.74,9.103,6.201,76.582,0.103,2.165
DGE.L,2018-12-31,Q2,2019,0,0,390647100.0,-2.062,308498160.0,-214667490.0,0.0,3468.289,4559.917,731.725,992.087,2463.106,0.184,2.427
DGX,2022-06-30,Q2,2022,2453000000,234000000,402000000.0,0.158,326000000.0,-78000000.0,0.005,16.622,-0.509,2.427,6.343,42.744,0.185,0.699
DHI,2022-06-30,Q3,2022,8788100000,1647800000,271800000.0,0.247,236300000.0,-79200000.0,0.003,3.523,0.228,1.286,2.642,15.304,0.25,0.333
DHR,2022-07-01,Q2,2022,7751000000,1658000000,2000000000.0,0.284,1704000000.0,-220000000.0,0.001,27.844,-21.811,3.963,23.824,75.75,0.342,0.43
DINO,2022-06-30,Q2,2022,11162160000,1221262000,1528356000.0,0.149,1368912000.0,-90158000.0,0.009,2.061,0.005,1.105,0.902,6.583,0.162,0.398
DIS,2022-07-02,Q3,2022,21504000000,1409000000,1922000000.0,0.113,187000000.0,0.0,0.007,31.097,0.159,1.895,8.15,53.921,0.172,0.498
DISH,2022-06-30,Q2,2022,4209963000,522832000,760953000.0,0.165,-137002000.0,0.0,0.065,4.545,0.219,0.574,2.258,34.859,0.206,1.216
DLR,2022-06-30,Q2,2022,1139322000,53246000,505893000.0,0.15,505893000.0,-366475000.0,0.01,173.543,-12.726,2.157,32.442,71.489,0.452,0.0
DOV,2022-06-30,Q2,2022,2158715000,289618000,178773000.0,0.165,128577000.0,-71853000.0,0.004,15.063,0.537,3.976,8.083,46.304,0.203,0.669
DOW,2022-06-30,Q2,2022,15664000000,1661000000,1854000000.0,0.129,1396000000.0,-505000000.0,0.013,5.637,0.747,1.974,2.391,16.725,0.191,0.744
DOX,2022-03-31,Q2,2022,1145271000,158497000,168856000.0,0.143,121585000.0,-44410000.0,0.004,15.947,0.776,2.839,8.828,48.622,0.187,0.231
DPZ,2022-06-19,Q2,2022,1065182000,102493000,74626000.0,0.167,54416000.0,-39611000.0,0.003,33.832,2.545,-3.318,13.021,96.907,0.184,-1.24
DRE,2022-06-30,Q2,2022,285288000,102470000,185778000.0,0.428,185778000.0,-107649000.0,0.005,51.55,-0.851,3.353,74.063,130.367,0.704,0.617
DRI,2022-05-29,Q4,2022,2602900000,281700000,339600000.0,0.13,231000000.0,-136800000.0,0.009,14.089,0.976,7.222,6.099,51.707,0.151,2.131
DTE,2022-06-30,Q2,2022,0,37000000,328000000.0,0.0,328000000.0,-171000000.0,0.007,165.289,-1.823,2.853,4.93,43.192,0.0,0.0
DUK,2022-06-30,Q2,2022,6685000000,893000000,3060000000.0,0.211,-2057000000.0,-1574000000.0,0.019,23.111,2.45,1.66,12.349,34.704,0.661,1.291
DVA,2022-06-30,Q2,2022,2926757000,224809000,188121000.0,0.148,45768000.0,0.0,0.003,8.399,0.202,12.488,2.581,36.031,0.185,19.298
DVN,2022-06-30,Q2,2022,5626000000,1932000000,2678000000.0,0.457,2005000000.0,-830000000.0,0.023,4.65,0.047,3.561,6.387,12.648,0.553,0.666
DXC,2022-06-30,Q1,2023,3707000000,102000000,163000000.0,0.011,45000000.0,0.0,0.013,17.271,-0.216,1.491,1.901,19.251,0.15,0.977
EA,2022-06-30,Q1,2023,1767000000,311000000,-78000000.0,0.25,-137000000.0,-53000000.0,0.002,27.283,0.704,4.442,19.208,60.939,0.308,0.246
EBAY,2022-06-30,Q2,2022,2422000000,-531000000,228000000.0,0.217,117000000.0,-121000000.0,0.005,-10.908,-0.188,4.419,9.566,46.625,-0.239,1.34
ECL,2022-06-30,Q2,2022,3580600000,308300000,322400000.0,0.119,153600000.0,-146100000.0,0.003,35.547,0.444,6.18,12.243,77.236,0.189,1.193
ED,2022-06-30,Q2,2022,3415000000,255000000,1484000000.0,0.113,410000000.0,-268000000.0,0.008,33.033,-0.573,1.653,9.866,56.697,0.307,1.135
EEFT,2022-06-30,Q2,2022,843309000,57218000,174988000.0,0.12,145721000.0,0.0,0.001,21.79,0.036,4.892,5.914,43.366,0.146,1.709
EFX,2022-06-30,Q2,2022,1316700000,200600000,275300000.0,0.231,116400000.0,-47800000.0,0.002,27.882,-2.819,5.88,16.991,62.199,0.34,1.071
EIX,2022-06-30,Q2,2022,4008000000,292000000,446000000.0,0.126,-1055000000.0,-262000000.0,0.011,20.629,0.111,1.527,6.012,47.355,0.29,1.666
EL,2022-06-30,Q4,2022,3561000000,52000000,123000000.0,0.022,-76000000.0,-215000000.0,0.002,43.825,-0.9,15.905,23.043,111.717,0.027,1.16
ELV,2022-06-30,Q2,2022,38632000000,1653000000,2452000000.0,0.055,2157000000.0,-309000000.0,0.003,17.568,-2.154,3.244,3.007,48.522,0.071,0.591
EMN,2022-06-30,Q2,2022,2784000000,256000000,245000000.0,0.15,106000000.0,-98000000.0,0.009,10.941,0.866,2.105,4.024,28.772,0.196,0.754
EMR,2022-06-30,Q3,2022,5005000000,921000000,740000000.0,0.189,630000000.0,-305000000.0,0.006,12.799,45.028,4.571,9.421,46.067,0.296,0.848
ENSG,2022-06-30,Q2,2022,732486000,57691000,83939000.0,0.107,62695000.0,-3042000.0,0.001,17.481,1.237,3.601,5.507,57.29,0.123,1.221
EOG,2022-06-30,Q2,2022,8645000000,2238000000,2048000000.0,0.336,624000000.0,-1486000000.0,0.023,7.192,0.015,2.886,7.448,12.782,0.444,0.171
EQIX,2022-06-30,Q2,2022,1817154000,216322000,801581000.0,0.175,316751000.0,-283048000.0,0.005,69.124,1.473,5.627,32.915,99.125,0.412,1.506
EQR,2022-06-30,Q2,2022,687030000,224101000,322818000.0,0.451,273539000.0,-235739000.0,0.009,30.274,0.144,2.492,39.501,67.613,0.762,0.743
EQT,2022-06-30,Q2,2022,3372603000,891361000,230421000.0,0.404,-162270000.0,-46209000.0,0.004,3.569,0.022,1.404,3.773,10.347,0.508,0.508
ERIC,2022-06-30,Q2,2022,62465000000,4504000000,6287000000.0,0.117,4933000000.0,-4164000000.0,0.019,11.859,0.217,1.648,3.42,20.277,0.126,0.258
ES,2022-06-30,Q2,2022,2572600000,291862000,469879000.0,0.177,-314608000.0,-215920000.0,0.007,25.027,-0.728,1.94,11.357,56.137,0.355,1.329
ESLT,2022-03-31,Q1,2022,1352806000,52764000,35470000.0,0.043,-9513000.0,-20338000.0,0.002,46.257,1000.877,3.818,7.217,111.839,0.074,0.503
ESS,2022-06-30,Q2,2022,399978000,57054000,194402000.0,0.322,156743000.0,-143755000.0,0.008,74.784,-3.35,2.928,42.669,91.557,0.631,1.032
ETN,2022-06-30,Q2,2022,5212000000,601000000,340000000.0,0.136,201000000.0,-334000000.0,0.007,20.911,1.545,3.069,9.645,60.843,0.189,0.407
ETR,2022-06-30,Q2,2022,3395196000,164011000,277997000.0,0.024,-1077687000.0,-209987000.0,0.009,34.92,-0.833,1.938,6.747,97.412,0.201,2.077
EVA,2022-06-30,Q2,2022,296321000,-27337000,-25968000.0,-0.043,-70322000.0,-53609000.0,0.014,-34.853,-0.853,7.916,12.861,334.822,0.052,2.78
EVRG,2022-06-30,Q2,2022,1446500000,194500000,323800000.0,0.232,-267900000.0,-131400000.0,0.009,19.281,0.319,1.612,10.371,47.696,0.39,0.988
EVTC,2022-06-30,Q2,2022,160571000,33589000,59552000.0,0.291,34272000.0,-3579000.0,0.001,19.62,-1.514,5.181,16.417,42.317,0.416,0.88
EXC,2022-06-30,Q2,2022,4239000000,465000000,1458000000.0,0.164,-127000000.0,-331000000.0,0.007,23.903,-1.041,1.879,10.488,48.458,0.401,1.529
EXPD,2022-06-30,Q2,2022,4603312000,377805000,558646000.0,0.11,520488000.0,-109828000.0,0.007,10.647,1.002,4.564,3.495,28.095,0.113,0.118
EXPE,2022-06-30,Q2,2022,3181000000,-185000000,1628000000.0,0.108,1469000000.0,0.0,0.001,-20.157,0.393,7.809,4.689,28.049,0.045,3.697
EXR,2022-06-30,Q2,2022,474988000,232130000,352922000.0,0.58,351395000.0,-201024000.0,0.009,24.586,1.78,7.129,48.062,82.296,0.746,1.882
F,2022-06-30,Q2,2022,40190000000,667000000,756000000.0,0.071,756000000.0,-402000000.0,0.009,16.774,0.138,1.013,1.114,36.132,0.093,1.521
FANG,2022-06-30,Q2,2022,2768000000,1416000000,1707000000.0,0.715,1154000000.0,-541000000.0,0.025,3.777,0.047,1.606,7.728,12.296,0.787,0.406
FAST,2022-06-30,Q2,2022,1778600000,287100000,151200000.0,0.216,103700000.0,-178500000.0,0.006,25.017,3.919,9.038,16.153,68.426,0.24,0.15
FBHS,2022-06-30,Q2,2022,2111000000,192000000,225000000.0,0.135,170200000.0,-36400000.0,0.004,10.584,2.646,2.753,3.851,34.045,0.157,1.188
FCEL,2022-04-30,Q2,2022,16384000,-31017000,-64707000.0,-1.722,-75102000.0,-1600000.0,0.001,-12.254,-0.499,2.2,92.79,-66.447,-1.057,0.126
FCX,2022-06-30,Q2,2022,5416000000,840000000,1621000000.0,0.321,758000000.0,-218000000.0,0.005,12.496,-0.279,2.82,7.753,19.355,0.383,0.675
FDS,2022-05-31,Q3,2022,488751000,74910000,191972000.0,0.199,176568000.0,-30886000.0,0.002,48.333,-1.496,11.424,29.632,120.481,0.277,1.84
FDX,2022-05-31,Q4,2022,24394000000,558000000,3502000000.0,0.079,1118000000.0,-195000000.0,0.003,26.261,-0.527,2.35,2.403,57.586,0.063,1.39
FE,2022-06-30,Q2,2022,2818000000,187000000,928000000.0,0.159,301000000.0,-223000000.0,0.01,29.306,-0.83,2.019,7.779,51.964,0.291,1.912
FICO,2022-06-30,Q3,2022,348966000,93500000,117140000.0,0.403,115201000.0,0.0,0.0,27.478,-3.225,-12.126,29.449,83.723,0.415,-2.206
FIS,2022-06-30,Q2,2022,3719000000,277000000,1024000000.0,0.101,684000000.0,-287000000.0,0.005,50.303,0.387,1.198,14.987,51.557,0.37,0.253
FITB,2022-06-25,Q2,2022,2001000000,562000000,1687000000.0,0.0,1592000000.0,-230000000.0,0.008,14.976,-0.619,1.467,15.987,46.908,0.424,0.536
FLGT,2022-06-30,Q2,2022,125341000,11537000,11126000.0,0.102,7868000.0,0.0,0.023,35.877,-0.388,1.269,13.209,57.096,0.187,0.0
FMC,2022-06-30,Q2,2022,1452300000,134200000,175300000.0,0.218,151900000.0,-66900000.0,0.005,25.159,-0.704,4.345,9.299,62.923,0.184,0.879
FOX,2022-06-30,Q4,2022,3033000000,306000000,933000000.0,0.22,817000000.0,-12000000.0,0.001,13.588,0.971,1.467,5.484,29.491,0.208,0.636
FOXA,2022-06-30,Q4,2022,3033000000,338000000,933000000.0,0.0,817000000.0,-12000000.0,0.001,14.153,1.011,1.688,6.309,26.036,0.268,0.636
FRC,2022-03-31,Q1,2022,1374000000,401000000,10000000.0,0.0,-45000000.0,-77000000.0,0.003,18.191,-1.872,1.806,21.236,46.172,0.448,0.432
FRT,2022-06-30,Q2,2022,264099000,61676000,157452000.0,0.354,21385000.0,-169575000.0,0.023,30.09,1.551,2.655,28.108,43.481,0.67,0.0
FTV,2022-07-01,Q2,2022,1463300000,173000000,294400000.0,0.159,276100000.0,-24900000.0,0.001,28.339,6.518,2.076,13.402,65.46,0.236,0.284
GD,2022-07-03,Q2,2022,9189000000,766000000,659000000.0,0.106,435000000.0,-349000000.0,0.006,19.343,3.634,3.41,6.45,67.516,0.113,0.639
GDDY,2022-06-30,Q2,2022,1015500000,90400000,250900000.0,0.123,233000000.0,0.0,0.001,30.745,0.861,-24.86,10.948,83.758,0.169,-8.886
GE,2022-06-30,Q2,2022,18645000000,-790000000,550000000.0,0.066,205000000.0,-154000000.0,0.002,-22.143,-1.044,2.019,3.753,148.832,0.032,0.796
GILD,2022-06-30,Q2,2022,6260000000,1144000000,1802000000.0,0.324,1659000000.0,-920000000.0,0.012,16.965,0.004,3.836,12.401,38.119,0.364,1.245
GILT,2022-03-31,Q1,2022,51409000,-2534000,-7375000.0,-0.016,-9576000.0,0.0,0.06,-49.153,-4677.586,2.017,9.691,216.101,0.034,0.008
GIS,2022-05-29,Q4,2022,4891200000,822800000,1088000000.0,0.196,869900000.0,-510400000.0,0.012,12.878,1.147,4.02,8.666,38.911,0.224,0.89
GL,2022-06-30,Q2,2022,1292608000,177004000,693390000.0,0.0,693390000.0,-40208000.0,0.004,13.538,1.605,1.801,7.415,48.298,0.185,0.306
GLW,2022-06-30,Q2,2022,3615000000,563000000,758000000.0,0.136,405000000.0,-234000000.0,0.009,11.795,-4.069,2.264,7.348,27.641,0.325,0.627
GM,2022-06-30,Q2,2022,35759000000,1692000000,3124000000.0,0.059,-2257000000.0,-8000000.0,0.0,6.842,-0.423,0.724,1.295,26.552,0.147,1.221
GNRC,2022-06-30,Q2,2022,1291391000,142714000,23835000.0,0.168,5532000.0,0.0,0.0,23.484,0.445,5.542,10.381,57.192,0.184,0.681
GNTX,2022-06-30,Q2,2022,463423002,72404403,73302500.0,0.185,39196350.0,-28136356.0,0.004,22.307,-1.376,3.252,13.941,56.208,0.238,0.0
GPC,2022-06-30,Q2,2022,5602414000,372529000,392177000.0,0.091,317246000.0,-126891000.0,0.007,12.637,0.243,5.172,3.361,37.527,0.107,1.128
GPN,2022-06-30,Q2,2022,2280906000,-672999000,568133000.0,-0.232,400208000.0,-69072000.0,0.002,-11.433,0.03,1.296,13.494,-443.806,-0.041,0.458
GPRE,2022-06-30,Q2,2022,1012394000,46398000,55899000.0,0.033,-10400000.0,-6129000.0,0.004,7.764,0.044,1.547,1.423,24.266,0.077,0.587
GRFS,2022-06-30,Q2,2022,1542899000,90340000,161633000.0,0.172,88807000.0,0.0,0.01,18.434,4.761,1.953,7.466,55.423,0.161,1.298
GRMN,2022-06-25,Q2,2022,1240833000,257873000,79842000.0,0.236,4419000.0,-129393000.0,0.007,18.742,0.859,3.296,15.58,55.764,0.265,0.018
GS,2022-06-30,Q2,2022,11864000000,2927000000,38474000000.0,0.355,37423000000.0,-857000000.0,0.008,9.006,-0.32,0.894,8.888,17.486,0.609,2.127
GSK,2022-06-30,Q2,2022,6929000000,838000000,1635000000.0,0.156,1209000000.0,-1156000000.0,0.022,15.562,-0.37,3.186,7.528,37.196,0.263,1.147
GWW,2022-06-30,Q2,2022,3837000000,371000000,250000000.0,0.139,144000000.0,-99000000.0,0.004,15.617,6.891,10.53,6.04,44.427,0.15,1.177
HAL,2022-06-30,Q2,2022,5074000000,109000000,376000000.0,0.074,155000000.0,-109000000.0,0.004,65.022,-1.109,3.976,5.587,60.856,0.115,1.306
HAS,2022-06-26,Q2,2022,1339200000,142000000,13100000.0,0.164,-33500000.0,-97400000.0,0.008,20.96,0.159,3.99,8.89,41.722,0.274,1.253
HASI,2022-06-30,Q2,2022,14391000,-18449000,5053000.0,0.0,5053000.0,-33120000.0,0.01,-44.66,0.592,2.115,229.012,71.47,0.454,1.811
HBAN,2022-06-30,Q2,2022,1331000000,539000000,975000000.0,0.0,975000000.0,-28000000.0,0.002,8.024,0.344,0.949,12.997,31.875,0.619,0.385
HCA,2022-06-30,Q2,2022,14820000000,1155000000,1630000000.0,0.155,550000000.0,-160000000.0,0.003,10.641,-1.723,-13.359,3.317,32.867,0.183,-10.993
HD,2022-07-31,Q2,2023,43792000000,5173000000,3789000000.0,0.165,3085000000.0,-1962000000.0,0.006,18.682,0.686,-185.008,8.126,54.235,0.179,-26.035
HEI,2022-04-30,Q2,2022,538813000,85010000,96773000.0,0.228,89253000.0,0.0,0.001,56.44,-36.122,7.929,35.619,139.668,0.257,0.109
HES,2022-06-30,Q2,2022,2955000000,667000000,1509000000.0,0.396,846000000.0,-116000000.0,0.004,12.297,0.209,4.598,11.103,24.98,0.51,1.258
HIG,2022-06-30,Q2,2022,5373000000,437000000,1403000000.0,0.0,1326000000.0,-10000000.0,0.0,12.537,-16.423,1.54,4.079,27.969,0.173,0.306
HII,2022-06-30,Q2,2022,2662000000,178000000,267000000.0,0.072,208000000.0,-47000000.0,0.005,12.268,-0.152,2.959,3.281,37.801,0.126,1.112
HL,2022-06-30,Q2,2022,191242000,-13523000,40183000.0,0.04,5854000.0,-3518000.0,0.002,-39.09,0.092,1.186,11.056,68.408,0.185,0.285
HLT,2022-06-30,Q2,2022,2240000000,368000000,333000000.0,0.267,311000000.0,-41000000.0,0.001,21.046,0.281,-39.265,13.831,60.186,0.292,-11.984
HON,2022-06-30,Q2,2022,8953000000,1261000000,789000000.0,0.179,631000000.0,-691000000.0,0.006,23.397,1.814,6.728,13.182,62.425,0.231,0.712
HPE,2022-04-30,Q2,2022,6713000000,250000000,379000000.0,0.031,-346000000.0,-156000000.0,0.008,20.141,-0.393,0.981,3.0,34.13,0.134,0.434
HPQ,2022-04-30,Q2,2022,16490000000,1000000000,508000000.0,0.078,329000000.0,-262000000.0,0.007,9.615,-1.923,-20.264,2.332,30.016,0.087,-4.375
HRL,2022-05-01,Q2,2022,3096559000,261617000,193355000.0,0.108,114935000.0,-141155000.0,0.005,26.973,2.967,3.843,9.115,76.933,0.129,0.448
HSBA.L,2022-06-30,Q2,2022,15397000000,5624000000,0.0,0.0,0.0,0.0,0.0,3.331,0.026,0.032,0.547,505.19,0.316,14.36
HST,2022-06-30,Q2,2022,1381000000,256000000,447000000.0,0.237,329000000.0,0.0,0.019,10.945,0.088,1.654,8.116,31.511,0.358,0.56
HSY,2022-07-03,Q2,2022,2372582000,315556000,457306000.0,0.192,357409000.0,-179900000.0,0.004,35.543,0.001,15.514,18.909,93.893,0.224,1.26
HUM,2022-06-30,Q2,2022,23662000000,696000000,959000000.0,0.051,680000000.0,-100000000.0,0.002,21.272,-0.856,3.823,2.503,46.958,0.061,0.729
HWM,2022-06-30,Q2,2022,1393000000,147000000,158000000.0,0.173,114000000.0,-9000000.0,0.001,22.304,1.729,3.834,9.415,55.103,0.22,1.243
HXL,2022-06-30,Q2,2022,393000000,44700000,37300000.0,0.162,20300000.0,-8300000.0,0.002,24.692,0.162,2.982,11.234,52.329,0.249,0.549
IAC,2022-03-31,Q1,2022,1325345000,-235798000,12902000.0,-0.082,-17591000.0,0.0,0.029,-9.227,0.007,1.258,6.566,-160.855,-0.149,0.295
IBM,2022-06-30,Q2,2022,15535000000,1392000000,1321000000.0,0.124,810000000.0,-1488000000.0,0.012,22.86,0.26,6.558,8.193,54.394,0.205,2.396
ICE,2022-06-30,Q2,2022,2413000000,555000000,969000000.0,0.36,868000000.0,-213000000.0,0.004,23.637,-1.536,2.3,21.747,61.157,0.475,0.805
IEA,2022-06-30,Q2,2022,680597000,16969000,-152000.0,0.038,-3820000.0,0.0,0.193,5.728,0.035,16.546,0.571,19.862,0.064,16.67
IEL.AX,2020-09-30,Q1,2021,146776500,16968250,0.0,0.183,14045000.0,-4770750.0,0.001,57.911,3464.13,9.995,26.78,103.889,0.247,0.323
IEX,2022-06-30,Q2,2022,796100000,138200000,112300000.0,0.234,96700000.0,-45500000.0,0.003,24.905,-22.913,4.938,17.294,67.161,0.271,0.461
IFF,2022-06-30,Q2,2022,3307000000,107000000,-96000000.0,0.064,-200000000.0,-201000000.0,0.007,70.971,-1.262,1.499,9.185,67.407,0.153,0.543
IFX.DE,2022-06-30,Q3,2022,3618000000,517000000,995000000.0,0.191,453000000.0,0.0,0.009,14.537,1.744,2.211,8.309,31.36,0.308,0.412
INFY,2022-06-30,Q1,2023,4444000000,689000000,845000000.0,0.2,761000000.0,0.0,0.008,34.685,773.354,10.495,24.377,91.659,0.218,0.061
INO,2022-03-31,Q1,2022,199074,-79073719,-61882102.0,-360.333,-61882102.0,0.0,0.0,-2.485,-0.085,2.214,3948.266,-9.829,-333.333,0.087
INTC,2022-07-02,Q2,2022,15321000000,-454000000,809000000.0,-0.046,-6446000000.0,-1499000000.0,0.01,-82.045,0.777,1.472,9.725,76.675,0.153,0.322
INTU,2022-04-30,Q3,2022,5632000000,1794000000,3320000000.0,0.425,3259000000.0,-195000000.0,0.002,16.456,0.01,6.962,20.967,50.923,0.425,0.434
INVA,2022-06-30,Q2,2022,108220000,939000,79035000.0,0.763,79022000.0,0.0,0.0,273.677,-2.861,2.647,9.499,176.136,0.068,1.149
IP,2022-06-30,Q2,2022,5389000000,511000000,390000000.0,0.1,204000000.0,-170000000.0,0.011,7.523,0.157,1.7,2.853,23.476,0.178,0.843
IPG,2022-06-30,Q2,2022,2735700000,229600000,-90800000.0,0.128,-132400000.0,-113800000.0,0.011,11.784,0.262,3.149,3.956,32.071,0.154,1.273
IR,2022-06-30,Q2,2022,1439900000,138500000,185100000.0,0.137,163700000.0,-8000000.0,0.0,30.724,0.853,1.939,11.821,57.514,0.214,0.311
IRDM,2022-06-30,Q2,2022,174919000,4557000,99795000.0,0.119,82345000.0,0.0,0.003,264.476,3.251,4.082,27.561,64.26,0.55,1.334
IRM,2022-06-30,Q2,2022,1289534000,200081000,291418000.0,0.228,119389000.0,-179862000.0,0.013,17.689,0.045,21.883,10.978,62.437,0.397,19.112
ISRG,2022-06-30,Q2,2022,1522100000,307800000,446700000.0,0.261,316200000.0,0.0,0.04,58.377,-3.722,5.978,47.22,141.697,0.326,0.0
ITRN,2022-03-31,Q1,2022,72072000,8729000,6950000.0,0.199,828000.0,-2891000.0,0.006,13.538,116.131,3.302,6.559,24.094,0.259,0.119
ITW,2022-06-30,Q2,2022,4011000000,738000000,501000000.0,0.231,420000000.0,-380000000.0,0.007,19.176,1.626,16.758,14.113,60.178,0.263,1.81
J,2022-07-01,Q3,2022,3827093000,195983000,-249087000.0,0.069,-280917000.0,-29341000.0,0.002,20.675,0.17,2.732,4.235,54.357,0.094,0.703
JBHT,2022-06-30,Q2,2022,3837532000,255342000,492742000.0,0.092,134338000.0,-41734000.0,0.003,16.073,2.868,4.938,4.278,34.443,0.133,0.285
JBT,2022-06-30,Q2,2022,542300000,33400000,5700000.0,0.078,-12000000.0,-3500000.0,0.001,26.29,0.841,4.447,6.477,67.083,0.113,0.854
JCI,2022-06-30,Q3,2022,6614000000,379000000,487000000.0,0.092,317000000.0,-244000000.0,0.007,21.862,0.008,2.073,5.011,47.22,0.105,0.45
JKHY,2022-03-31,Q3,2022,478260000,84707000,104046000.0,0.233,60074000.0,-35680000.0,0.002,42.369,-3.683,10.805,30.016,93.187,0.326,0.169
JNJ,2022-07-03,Q2,2022,24020000000,4814000000,5581000000.0,0.257,4718000000.0,-2971000000.0,0.006,24.327,-3.719,6.135,19.502,64.294,0.317,0.371
JNPR,2022-06-30,Q2,2022,1269600000,113400000,-266900000.0,0.085,-291400000.0,-67300000.0,0.007,20.169,0.19,2.153,7.206,47.648,0.168,0.412
JPM,2022-06-30,Q2,2022,30715000000,8649000000,66018000000.0,0.0,66018000000.0,-3344000000.0,0.01,9.642,1.958,1.166,10.86,9.203,0.527,1.489
K,2022-07-02,Q2,2022,3864000000,326000000,478000000.0,0.107,349000000.0,-197000000.0,0.008,18.661,-0.826,5.961,6.297,53.277,0.154,1.553
KARN.SW,2019-06-30,Q2,2019,117800000,11100000,11200000.0,0.133,7700000.0,-6900000.0,0.005,30.0,83.433,9.099,11.307,70.065,0.147,0.0
KDP,2022-06-30,Q2,2022,3554000000,218000000,676000000.0,0.161,599000000.0,-266000000.0,0.005,57.529,-0.907,1.976,14.115,111.236,0.159,0.51
KEY,2022-06-30,Q2,2022,1733000000,533000000,-78000000.0,0.016,-60000000.0,-209000000.0,0.013,7.47,0.382,1.104,9.19,46.059,0.459,1.347
KHC,2022-06-25,Q2,2022,6554000000,265000000,302000000.0,-0.083,81000000.0,-490000000.0,0.01,44.377,-0.682,0.964,7.177,76.456,0.133,0.404
KIM,2022-06-30,Q2,2022,427198000,-125751000,247782000.0,0.312,247782000.0,-130051000.0,0.011,-24.197,0.159,1.244,28.491,343.772,0.13,0.0
KLAC,2022-06-30,Q4,2022,2486739000,805374000,819229000.0,0.392,746069000.0,-157602000.0,0.003,14.681,1.182,33.749,19.018,47.941,0.44,4.811
KMB,2022-06-30,Q2,2022,5063000000,437000000,740000000.0,0.123,523000000.0,-391000000.0,0.009,26.087,-1.617,76.896,9.006,66.524,0.16,12.981
KMI,2022-06-30,Q2,2022,5151000000,635000000,1564000000.0,0.195,1192000000.0,-631000000.0,0.017,14.945,-4.334,1.243,7.37,50.942,0.264,0.935
KO,2022-07-01,Q2,2022,11325000000,1905000000,3923000000.0,0.207,3653000000.0,-1904000000.0,0.007,36.592,-1.171,12.12,24.621,110.984,0.248,1.598
KOS,2022-06-30,Q2,2022,620368000,117173000,278558000.0,0.475,45400000.0,-13000.0,0.0,6.016,0.001,4.257,4.545,11.766,0.552,3.443
KR,2022-05-21,Q1,2023,44600000000,664000000,1102000000.0,0.034,357000000.0,-154000000.0,0.004,13.228,0.67,3.733,0.788,26.419,0.046,2.073
L,2022-06-30,Q2,2022,3388000000,180000000,1023000000.0,0.0,832000000.0,-15000000.0,0.001,20.202,-0.436,0.955,4.293,69.958,0.097,0.554
LAMR,2022-06-30,Q2,2022,517852000,134205000,210592000.0,0.322,163549000.0,-121899000.0,0.014,16.631,0.369,7.199,17.24,56.569,0.454,3.25
LBTYK,2022-06-30,Q2,2022,646800000,2786600000,281500000.0,0.038,209900000.0,-149000000.0,0.013,1.031,0.006,-15.964,17.77,3.396,4.878,-0.007
LDOS,2022-07-01,Q2,2022,3597000000,171000000,40000000.0,0.075,19000000.0,-49000000.0,0.003,20.52,-25.855,3.505,3.902,54.584,0.099,1.158
LEG,2022-06-30,Q2,2022,1334200000,95200000,89800000.0,0.11,67700000.0,-56100000.0,0.012,12.377,2.124,2.92,3.533,35.809,0.141,1.201
LEN,2022-05-31,Q2,2022,8358696000,1320756000,124841000.0,0.224,119755000.0,-110846000.0,0.005,4.404,0.027,1.077,2.783,15.171,0.21,0.215
LH,2022-06-30,Q2,2022,3696900000,358600000,572500000.0,0.142,429200000.0,-66700000.0,0.003,15.08,-0.576,2.08,5.851,39.661,0.183,0.588
LHX,2022-07-01,Q2,2022,4135000000,471000000,749000000.0,0.117,687000000.0,-217000000.0,0.005,24.802,30.134,2.448,11.3,65.507,0.2,0.395
LIN,2022-06-30,Q2,2022,8457000000,372000000,2133000000.0,0.07,1307000000.0,-585000000.0,0.004,96.816,-1.424,3.631,17.035,89.196,0.207,0.282
LITE,2022-07-02,Q4,2022,422100000,34700000,76600000.0,0.131,58000000.0,0.0,0.0,65.197,-1.24,3.546,17.148,83.54,0.151,0.785
LKQ,2022-06-30,Q2,2022,3341000000,420000000,328000000.0,0.167,288000000.0,-71000000.0,0.005,8.223,0.149,2.471,4.135,27.394,0.188,0.615
LLY,2022-06-30,Q2,2022,6488000000,952500000,820700000.0,0.254,369700000.0,-883700000.0,0.003,76.615,-1.63,34.162,44.991,147.14,0.234,1.719
LMT,2022-06-26,Q2,2022,15446000000,309000000,1331000000.0,0.127,1027000000.0,-744000000.0,0.007,90.159,-1.099,9.748,7.215,149.024,0.053,1.019
LNT,2022-06-30,Q2,2022,943000000,159000000,49000000.0,0.225,49000000.0,-108000000.0,0.007,23.121,-1.272,2.396,15.594,57.866,0.432,1.138
LOW,2022-04-29,Q1,2022,23659000000,2333000000,2977000000.0,0.14,2634000000.0,-537000000.0,0.004,13.984,0.145,-18.977,5.516,48.414,0.14,-4.775
LRCX,2022-06-26,Q4,2022,4635554000,1208934000,443934000.0,0.319,318188000.0,-208056000.0,0.003,12.835,0.663,9.886,13.39,43.919,0.312,0.796
LUMN,2022-06-30,Q2,2022,4612000000,344000000,1396000000.0,0.198,635000000.0,-254000000.0,0.023,8.031,-0.19,0.904,2.396,24.25,0.351,2.289
LUV,2022-06-30,Q2,2022,6728000000,760000000,1906000000.0,0.172,916000000.0,0.0,0.01,7.046,0.019,1.926,3.184,13.989,0.214,0.908
LVS,2022-06-30,Q2,2022,1045000000,-290000000,-330000000.0,-0.141,-619000000.0,0.0,0.028,-22.123,0.198,6.123,24.558,137.261,0.241,3.652
LW,2022-05-29,Q4,2022,1153100000,32000000,244100000.0,0.118,171800000.0,-35400000.0,0.004,76.291,-1.092,27.088,8.469,92.951,0.112,7.478
LYB,2022-06-30,Q2,2022,14838000000,1643000000,1599000000.0,0.144,1067000000.0,-2093000000.0,0.073,4.365,0.164,2.346,1.933,17.068,0.161,1.033
LYV,2022-06-30,Q2,2022,4434174000,155240000,349138000.0,0.072,275256000.0,0.0,0.0,29.879,0.064,-45.235,4.184,45.469,0.084,-16.555
MA,2022-06-30,Q2,2022,5497000000,2275000000,2457000000.0,0.549,2270000000.0,-477000000.0,0.002,33.663,-2.587,49.64,55.727,101.545,0.564,2.228
MAA,2022-06-30,Q2,2022,0,216560000,284284000.0,0.284,284284000.0,-922000.0,0.0,23.221,0.258,3.362,56.996,197.57,0.0,0.0
MANT,2022-06-30,Q2,2022,669352000,22837000,9389000.0,0.052,1809000.0,-16833000.0,0.004,42.775,-1.568,2.291,5.838,77.405,0.082,0.213
MAR,2022-06-30,Q2,2022,5338000000,678000000,650000000.0,0.178,580000000.0,-98000000.0,0.002,16.46,0.208,25.191,8.362,51.804,0.195,5.236
MAS,2022-06-30,Q2,2022,2352000000,278000000,401000000.0,0.173,358000000.0,-64000000.0,0.006,10.262,0.398,-15.379,4.852,35.722,0.174,-4.22
MBG.DE,2022-06-30,Q2,2022,36440000000,3107000000,5001000000.0,0.111,3476000000.0,0.0,0.013,4.753,-0.443,0.765,1.621,20.913,0.17,0.707
MCD,2022-06-30,Q2,2022,5718400000,1188000000,618100000.0,0.299,180200000.0,-1016900000.0,0.006,38.315,4.905,-28.584,31.84,74.908,0.378,-7.362
MCHP,2022-06-30,Q1,2023,1963600000,507200000,840400000.0,0.357,718500000.0,-153000000.0,0.005,15.854,0.963,5.381,16.38,41.283,0.486,1.265
MCK,2022-06-30,Q1,2023,67154000000,768000000,-941000000.0,0.015,-1041000000.0,-71000000.0,0.002,15.312,0.129,-23.473,0.7,45.033,0.017,-3.164
MCO,2022-06-30,Q2,2022,1381000000,327000000,291000000.0,0.368,217000000.0,-129000000.0,0.003,38.28,-1.132,21.826,36.256,97.48,0.421,3.304
MDLZ,2022-06-30,Q2,2022,7274000000,747000000,836000000.0,0.127,618000000.0,-486000000.0,0.006,28.718,-2.226,3.119,11.797,79.073,0.18,0.667
MDT,2022-04-29,Q4,2022,8089000000,1485000000,2057000000.0,0.207,1668000000.0,-843000000.0,0.006,23.5,25.85,2.656,17.257,65.949,0.3,0.388
MELI,2022-06-30,Q2,2022,2597000000,123000000,907000000.0,0.096,807000000.0,0.0,0.0,65.194,0.743,20.301,12.351,87.848,0.129,1.847
MET,2022-06-30,Q2,2022,15556000000,103000000,4438000000.0,0.0,4438000000.0,-368000000.0,0.007,126.571,-1.515,1.406,3.352,55.836,0.03,0.369
MGA,2022-03-31,Q1,2022,9642000000,364000000,180000000.0,0.051,-58000000.0,-133000000.0,0.007,13.101,-0.635,1.639,1.978,26.389,0.088,0.418
MGIC,2022-03-31,Q1,2022,138705000,9618000,11169000.0,0.117,9803000.0,0.0,0.012,21.963,0.073,3.225,6.092,47.017,0.125,0.225
MGM,2022-06-30,Q2,2022,3264888000,1783937000,512231000.0,0.729,376970000.0,-1021000.0,0.0,1.693,0.0,2.108,3.701,13.915,0.876,5.624
MGY,2022-06-30,Q2,2022,484649000,250583000,379135000.0,0.677,255904000.0,-2000.0,0.0,3.94,0.084,3.596,8.149,11.194,0.707,0.354
MHK,2022-07-02,Q2,2022,3153188000,280431000,147707000.0,0.117,-2864000.0,0.0,0.0,7.305,0.351,0.953,2.599,21.356,0.162,0.158
MIN.AX,2020-09-30,Q1,2021,531175000,250925000,0.0,0.232,50925000.0,-24025000.0,0.006,3.972,11.925,1.76,7.506,8.698,0.813,0.526
MKC,2022-05-31,Q2,2022,1536800000,118500000,136500000.0,0.102,78600000.0,-99200000.0,0.004,52.483,-2.174,5.41,16.187,134.061,0.145,0.853
MKTX,2022-06-30,Q2,2022,182229000,66922000,93637000.0,0.465,83216000.0,-26102000.0,0.003,35.892,12.419,9.6,52.724,89.044,0.585,0.085
MLM,2022-06-30,Q2,2022,1641700000,366500000,116300000.0,0.292,35400000.0,-38100000.0,0.002,12.737,0.008,2.758,11.374,36.357,0.391,0.798
MMAT,2022-03-31,Q1,2022,2974695,-18434541,0.0,-5.852,0.0,0.0,0.002,-5.275,-0.134,1.209,130.75,-20.084,-6.135,0.021
MMC,2022-06-30,Q2,2022,5379000000,967000000,1282000000.0,0.254,1165000000.0,-275000000.0,0.004,20.109,-2.142,7.274,14.46,57.319,0.294,1.145
MMM,2022-06-30,Q2,2022,8702000000,78000000,1127000000.0,0.013,743000000.0,-848000000.0,0.011,236.837,-2.524,5.377,8.492,136.879,0.074,1.063
MO,2022-06-30,Q2,2022,5374000000,891000000,-514000000.0,0.578,-552000000.0,-1634000000.0,0.022,21.201,-0.391,-31.445,14.061,51.841,0.361,-10.423
MOS,2022-06-30,Q2,2022,5373100000,1035900000,1585100000.0,0.312,1322500000.0,-53900000.0,0.003,4.098,-0.378,1.445,3.16,11.973,0.315,0.294
MPC,2022-06-30,Q2,2022,53795000000,5873000000,6952000000.0,0.155,6454000000.0,-313000000.0,0.007,1.862,0.003,1.663,0.813,7.133,0.163,1.01
MPWR,2022-06-30,Q2,2022,461004000,114679000,105237000.0,0.308,93393000.0,-36469000.0,0.002,39.077,0.891,12.596,38.883,109.084,0.325,0.0
MRK,2022-06-30,Q2,2022,14593000000,3944000000,4302000000.0,0.347,3173000000.0,-1770000000.0,0.008,14.627,-1.776,5.336,15.812,40.916,0.388,0.663
MRO,2022-06-30,Q2,2022,2168000000,966000000,1678000000.0,0.597,1323000000.0,-56000000.0,0.004,4.09,-0.174,1.37,7.289,11.37,0.75,0.322
MRVL,2022-04-30,Q1,2023,1446900000,-165700000,194800000.0,0.048,157900000.0,-50900000.0,0.001,-74.309,0.026,3.185,34.04,125.858,0.293,0.289
MS,2022-06-30,Q2,2022,12254000000,2495000000,14913000000.0,0.0,14114000000.0,-1304000000.0,0.01,12.987,-0.414,1.276,10.577,51.099,0.451,2.253
MSCI,2022-06-30,Q2,2022,551806000,210587000,212689000.0,0.544,193591000.0,-84167000.0,0.003,39.595,-5.543,-32.493,60.442,110.493,0.609,-4.518
MSFT,2022-06-30,Q4,2022,51865000000,16740000000,24629000000.0,0.396,17758000000.0,-4632000000.0,0.002,28.667,63.928,11.526,37.01,78.795,0.481,0.351
MSI,2022-07-02,Q2,2022,2140000000,228000000,10000000.0,0.167,-49000000.0,-132000000.0,0.004,38.515,-2.663,-79.29,16.414,80.999,0.22,-14.264
MSTR,2022-06-30,Q2,2022,122073000,-1062298000,-20819000.0,-7.521,-31697000.0,0.0,0.0,-0.437,0.001,-9.925,15.209,-4.688,-7.463,-13.081
MTB,2022-06-30,Q2,2022,1465142000,1411717000,1187369000.0,0.0,1127537000.0,-213165000.0,0.01,3.645,0.012,0.798,14.047,-5.649,1.054,0.117
MTCH,2022-06-30,Q2,2022,794513000,-31858000,-212553000.0,-0.013,-222201000.0,0.0,0.009,-155.93,1.328,-43.869,25.01,98.622,-0.007,-8.461
MTDR,2022-06-30,Q2,2022,943930000,415718000,646302000.0,0.63,342693000.0,-5878000.0,0.001,3.309,0.033,2.176,5.829,9.61,0.731,0.522
MU,2022-06-02,Q3,2022,8642000000,2626000000,3838000000.0,0.348,1260000000.0,-111000000.0,0.001,7.979,0.474,1.701,9.698,16.962,0.561,0.152
MUR,2022-06-30,Q2,2022,1196238000,350557000,620911000.0,0.461,266503000.0,-27191000.0,0.006,3.346,0.008,1.088,3.922,10.683,0.579,0.69
MVIS,2022-06-30,Q2,2022,314000,-13597000,-9697000.0,-43.532,-9941000.0,0.0,0.001,-11.666,585.583,6.743,2020.745,-45.771,-41.667,0.054
NCR,2022-06-30,Q2,2022,1997000000,41000000,84000000.0,0.052,-10000000.0,-4000000.0,0.001,25.912,0.132,2.583,2.128,37.825,0.13,3.571
NDAQ,2022-06-30,Q2,2022,1552000000,307000000,375000000.0,0.265,333000000.0,-97000000.0,0.004,20.382,2.337,4.284,16.127,62.521,0.317,0.884
NDSN,2022-04-30,Q2,2022,635403000,109634000,96414000.0,0.29,84129000.0,-29577000.0,0.002,28.602,-3.289,5.726,19.74,78.667,0.267,0.268
NEE,2022-06-30,Q2,2022,5183000000,1380000000,2831000000.0,0.183,991000000.0,-835000000.0,0.005,27.697,0.068,4.196,29.498,67.681,0.588,1.465
NEM,2022-06-30,Q2,2022,3058000000,387000000,1043000000.0,0.184,524000000.0,-437000000.0,0.009,30.606,-2.448,2.212,15.493,47.533,0.339,0.284
NEOEN.PA,2019-06-30,Q2,2019,63325000,9000000,46125000.0,0.531,-144875000.0,-1025000.0,0.001,50.32,1897.577,2.949,28.607,58.633,0.879,2.692
NESN.SW,2019-06-30,Q2,2019,23216250000,3152250000,3962500000.0,0.173,2909750000.0,-1807500000.0,0.006,23.392,86.941,5.879,12.704,64.441,0.223,0.473
NI,2022-06-30,Q2,2022,1183200000,67000000,327400000.0,0.121,-139500000.0,-114800000.0,0.01,44.719,-0.513,1.659,10.129,59.16,0.315,1.318
NICE,2022-03-31,Q1,2022,527429000,57941000,192711000.0,0.137,172456000.0,0.0,0.002,60.226,4.878,4.947,26.465,121.893,0.222,0.188
NKE,2022-05-31,Q4,2022,12234000000,1439000000,1151000000.0,0.12,909000000.0,-481000000.0,0.003,32.459,9.521,12.226,15.272,117.107,0.133,0.765
NLOK,2022-07-01,Q1,2023,707000000,200000000,215000000.0,0.369,213000000.0,-81000000.0,0.006,16.097,0.241,-43.07,18.215,51.38,0.409,-9.308
NLSN,2022-06-30,Q2,2022,882000000,111000000,265000000.0,0.241,192000000.0,-21000000.0,0.003,18.815,0.0,2.405,9.472,39.834,0.383,1.641
NNN,2022-06-30,Q2,2022,190783000,74171000,110973000.0,0.581,110973000.0,-92878000.0,0.012,25.357,-2.916,1.921,39.433,67.168,0.883,0.957
NOC,2022-06-30,Q2,2022,8801000000,946000000,-197000000.0,0.108,-460000000.0,-268000000.0,0.004,19.654,10.684,5.448,8.45,54.44,0.183,1.061
NOK,2022-06-30,Q2,2022,5873000000,457000000,-43000000.0,0.096,-144000000.0,-115000000.0,0.005,12.058,0.109,1.165,3.753,28.079,0.135,0.282
NOVN.SW,2022-06-30,Q2,2022,13085000000,1694000000,3755000000.0,0.17,3172000000.0,0.0,0.042,26.226,-1.14,2.824,13.581,50.722,0.309,0.378
NRG,2022-06-30,Q2,2022,7282000000,513000000,1513000000.0,0.104,1422000000.0,-83000000.0,0.009,4.409,-0.063,1.707,1.242,15.831,0.127,1.542
NSC,2022-06-30,Q2,2022,3250000000,819000000,1017000000.0,0.391,569000000.0,-294000000.0,0.005,16.422,0.928,4.09,16.554,43.302,0.48,1.098
NTAP,2022-04-29,Q4,2022,1680000000,259000000,411000000.0,0.174,343000000.0,-111000000.0,0.007,15.696,4.434,19.405,9.679,44.251,0.203,3.154
NTES,2022-03-31,Q1,2022,23555842000,4394023000,4582552000.0,0.234,3689355000.0,-1683472000.0,0.004,21.908,-0.953,3.942,16.347,58.654,0.29,0.032
NTRS,2022-06-30,Q2,2022,1768700000,396200000,-863900000.0,0.0,-863900000.0,-291500000.0,0.015,12.664,1.879,1.813,11.347,23.51,0.325,0.099
NUE,2022-07-02,Q2,2022,11794474000,2561233000,2261573000.0,0.3,1740460000.0,-134451000.0,0.005,2.714,0.12,1.654,2.358,8.77,0.308,0.394
NVDA,2022-05-01,Q1,2023,8288000000,1618000000,1731000000.0,0.225,1370000000.0,-100000000.0,0.0,75.633,-1.65,18.598,59.061,225.333,0.266,0.444
NVO,2022-06-30,Q2,2022,41265000000,13318000000,23961000000.0,0.446,21386000000.0,0.0,0.01,29.998,-5.059,21.464,38.727,73.824,0.525,0.325
NVS,2022-06-30,Q2,2022,13085000000,1694000000,3755000000.0,0.17,3172000000.0,0.0,0.038,27.42,108.495,2.953,14.199,52.709,0.309,0.378
NWL,2022-06-30,Q2,2022,2534000000,204000000,-178000000.0,0.125,-248000000.0,-95000000.0,0.012,9.655,-0.885,1.996,3.109,35.347,0.15,1.088
NWS,2022-06-30,Q4,2022,2674000000,110000000,324000000.0,0.049,142000000.0,-61000000.0,0.007,21.163,0.593,1.133,3.482,42.344,0.066,0.453
NWSA,2022-06-30,Q4,2022,2674000000,110000000,324000000.0,0.0,140000000.0,-61000000.0,0.007,20.75,0.581,1.11,3.414,107.846,0.039,0.453
NXPI,2022-07-03,Q2,2022,3312000000,670000000,819000000.0,0.285,522000000.0,-222000000.0,0.006,14.296,7.148,5.503,11.568,37.584,0.369,1.603
O,2022-06-30,Q2,2022,810419000,223207000,0.0,0.24,0.0,-741.0,0.0,45.4,3.859,1.54,50.017,62.354,0.799,0.0
ODFL,2022-06-30,Q2,2022,1667448000,376078000,427328000.0,0.305,197978000.0,-33839000.0,0.001,19.265,0.711,8.15,17.38,50.081,0.346,0.022
OGN,2022-06-30,Q2,2022,1585000000,234000000,151000000.0,0.295,67000000.0,-72000000.0,0.008,9.159,-0.279,-7.54,5.409,33.114,0.274,-7.814
OKE,2022-03-31,Q1,2022,5444609000,391171000,462211000.0,0.122,205233000.0,-417417000.0,0.013,20.183,8.324,5.269,5.8,54.051,0.154,2.14
OMC,2022-06-30,Q2,2022,3567200000,348400000,-195400000.0,0.152,-214700000.0,-146200000.0,0.011,9.371,0.089,4.609,3.661,27.793,0.165,2.29
ON,2022-07-01,Q2,2022,2085000000,455800000,420800000.0,0.28,171300000.0,0.0,0.001,11.155,-0.801,3.774,9.754,30.066,0.347,0.565
OPK,2022-06-30,Q2,2022,309893000,-101650000,-11477000.0,-0.035,-16856000.0,0.0,0.001,-4.434,0.059,1.049,5.817,-46.819,-0.179,0.145
ORCL,2022-05-31,Q4,2022,11840000000,3189000000,3985000000.0,0.38,2562000000.0,-854000000.0,0.004,15.037,0.396,-30.838,16.2,47.739,0.436,-11.593
OSTK,2022-06-30,Q2,2022,528122000,7147000,-11371000.0,0.022,-14521000.0,0.0,0.0,37.681,-0.879,1.52,2.04,49.279,0.026,0.059
OTEX.TO,2022-06-30,Q4,2022,902454000,102196000,251940000.0,0.152,213768000.0,-59042000.0,0.004,32.178,0.901,3.263,14.575,60.794,0.29,1.094
OTIS,2022-06-30,Q2,2022,3488000000,321000000,353000000.0,0.14,326000000.0,-122000000.0,0.004,23.193,5.644,-5.96,8.538,81.286,0.126,-1.393
OUT,2022-06-30,Q2,2022,450200000,48000000,80600000.0,0.177,52700000.0,-51400000.0,0.018,14.478,0.018,2.082,6.175,58.414,0.261,2.973
OVV,2022-06-30,Q2,2022,3736000000,1357000000,1344000000.0,0.406,833000000.0,-64000000.0,0.006,2.094,0.003,1.953,3.042,9.052,0.479,0.789
OXY,2022-06-30,Q2,2022,10676000000,3555000000,5329000000.0,0.352,4357000000.0,-323000000.0,0.006,3.878,-0.163,1.981,5.165,11.579,0.621,0.802
PARA,2022-06-30,Q2,2022,7779000000,419000000,194000000.0,0.105,95000000.0,-15000000.0,0.001,9.557,-3.202,0.703,2.059,33.563,0.112,0.759
PAYX,2022-05-31,Q4,2022,1144300000,296400000,337200000.0,0.344,303900000.0,-284700000.0,0.006,37.694,-1.212,14.485,39.055,101.122,0.391,0.283
PBF,2022-06-30,Q2,2022,14077700000,1203700000,1956700000.0,0.121,1848500000.0,-9800000.0,0.003,0.731,0.0,1.118,0.25,3.435,0.11,0.839
PCAR,2022-06-30,Q2,2022,7158700000,720400000,638200000.0,0.125,267500000.0,-118200000.0,0.004,9.955,0.489,2.292,4.007,27.48,0.183,0.583
PCRX,2022-06-30,Q2,2022,169411000,19876000,29806000.0,0.184,18071000.0,0.0,0.001,33.366,0.173,3.506,15.658,66.142,0.3,1.043
PDCE,2022-06-30,Q2,2022,1237680000,662381000,747333000.0,0.572,395277000.0,-34538000.0,0.006,2.255,0.001,1.722,4.828,7.683,0.807,0.499
PEAK,2022-06-30,Q2,2022,517932000,68338000,255485000.0,0.188,255485000.0,-161829000.0,0.012,51.143,1541.308,2.217,26.992,70.909,0.56,0.826
PEG,2022-06-30,Q2,2022,2076000000,131000000,-116000000.0,0.143,-721000000.0,-270000000.0,0.009,60.019,0.009,2.342,15.149,92.488,0.263,1.24
PEGA,2022-06-30,Q2,2022,274337000,-286296000,-20185000.0,-0.31,-25391000.0,-2454000.0,0.001,-3.419,0.0,29.269,14.273,-47.656,-0.343,5.056
PEP,2022-06-11,Q2,2022,20225000000,1429000000,2055000000.0,0.103,2577000000.0,0.0,0.007,39.294,-0.59,12.106,11.105,91.723,0.139,1.792
PETS,2022-06-30,Q1,2023,70187000,2775000,6380000.0,0.05,5398000.0,-6064000.0,0.015,36.229,-0.679,2.868,5.73,63.471,0.067,0.0
PFE,2022-07-03,Q2,2022,27742000000,9906000000,8170000000.0,0.447,7419000000.0,-2244000000.0,0.008,7.289,0.276,3.312,10.411,23.961,0.467,0.393
PFG,2022-03-31,Q1,2022,3110000000,376200000,31500000.0,0.0,6100000.0,-167000000.0,0.009,12.655,-0.495,1.601,6.123,49.259,0.136,0.36
PG,2022-06-30,Q4,2022,19515000000,3052000000,3713000000.0,0.184,3021000000.0,-2262000000.0,0.006,29.72,-2.545,7.788,18.592,86.451,0.23,0.503
PGR,2022-06-30,Q2,2022,11513300000,-542900000,1389600000.0,0.0,1325900000.0,-58500000.0,0.001,-31.284,0.113,4.34,5.901,-151.559,-0.042,0.408
PH,2022-06-30,Q4,2022,0,671476000,542969000.0,0.183,489711000.0,-132543000.0,0.004,26.179,-2.55,4.067,8.918,68.962,0.157,0.695
PHM,2022-06-30,Q2,2022,3926186000,652435000,-105323000.0,0.22,-137194000.0,-36401000.0,0.004,3.589,0.0,1.209,2.385,12.675,0.225,0.319
PKG,2022-06-30,Q2,2022,2237300000,301500000,319000000.0,0.186,134700000.0,-93600000.0,0.007,10.592,0.563,3.222,5.709,27.105,0.239,0.68
PKI,2022-04-03,Q1,2022,1259442000,176962000,283215000.0,0.202,253784000.0,-8837000.0,0.0,30.269,-21.663,2.981,17.012,70.502,0.291,0.702
PLD,2022-06-30,Q2,2022,1252080000,609855000,803950000.0,0.426,803950000.0,-587732000.0,0.007,35.72,-0.758,2.52,69.593,77.251,0.896,0.0
PM,2022-06-30,Q2,2022,7832000000,2233000000,3524000000.0,0.39,3275000000.0,-1945000000.0,0.013,17.146,-4.286,-16.933,19.554,54.371,0.414,-2.471
PNC,2022-06-30,Q2,2022,5112000000,1481000000,1643000000.0,0.0,1643000000.0,0.0,0.007,11.026,2.226,1.371,12.777,24.928,0.505,0.755
PNR,2022-06-30,Q2,2022,1064200000,152900000,306800000.0,0.179,284400000.0,-34800000.0,0.005,12.333,0.398,2.943,7.088,39.925,0.198,0.377
PNW,2022-06-30,Q2,2022,1061669000,164312000,247678000.0,0.21,-203958000.0,-94277000.0,0.011,12.591,0.015,1.401,7.794,37.087,0.428,1.346
POLY,2022-07-02,Q1,2023,415559000,-33087000,-2981000.0,-0.036,-10113000.0,0.0,0.015,-13.02,2.344,-269.506,4.147,166.389,0.045,-234.804
POOL,2022-06-30,Q2,2022,2055818000,307283000,236840000.0,0.204,226197000.0,-39896000.0,0.003,11.333,0.156,11.334,6.776,36.603,0.209,1.438
PPG,2022-06-30,Q2,2022,4691000000,441000000,168000000.0,0.106,98000000.0,-140000000.0,0.005,15.323,0.007,4.372,5.762,46.089,0.157,1.198
PPL,2022-06-30,Q2,2022,1696000000,119000000,477000000.0,0.143,-105000000.0,-147000000.0,0.007,41.948,-0.739,1.44,11.773,58.683,0.334,0.876
PRGO,2022-07-02,Q2,2022,1121700000,-65100000,79100000.0,-0.006,58800000.0,-34200000.0,0.007,-534.883,4.184,1.006,4.779,73.296,0.015,0.688
PRU,2022-06-30,Q2,2022,13021000000,-565000000,1501000000.0,0.0,1501000000.0,-455000000.0,0.013,-15.851,0.009,1.269,2.751,25.639,0.001,0.692
PSA,2022-06-30,Q2,2022,1032045000,656893000,1453773000.0,0.0,1241300000.0,0.0,0.006,20.852,0.769,5.504,53.088,138.636,1.095,0.737
PSON.L,2008-12-31,Q4,2008,1407174610,175386950,178399788.0,-1.92,148524225.0,-63848345.0,0.0,1462.606,5381.31,109.003,181.926,1070.302,0.125,1.083
PSX,2022-06-30,Q2,2022,48577000000,3167000000,1783000000.0,0.073,1407000000.0,-467000000.0,0.012,3.127,0.008,1.632,0.815,10.845,0.094,0.513
PTNR,2022-03-31,Q1,2022,854000000,39000000,237000000.0,0.084,67000000.0,0.0,0.002,32.358,-0.647,2.651,5.911,29.331,0.286,1.043
PVH,2022-05-01,Q1,2023,2122700000,133100000,-303400000.0,0.094,-355800000.0,-2600000.0,0.0,9.775,-0.148,0.988,2.452,28.627,0.136,0.643
PWR,2022-06-30,Q2,2022,4232003000,88020000,118731000.0,0.049,-2905000.0,-10088000.0,0.001,51.211,4.389,3.517,4.26,62.624,0.08,0.787
PXD,2022-06-30,Q2,2022,7005000000,2371000000,3221000000.0,0.45,2304000000.0,-1788000000.0,0.033,5.692,0.307,2.269,7.707,15.606,0.525,0.202
QCOM,2022-06-26,Q3,2022,10936000000,3730000000,2895000000.0,0.409,2341000000.0,-842000000.0,0.006,9.564,0.352,8.892,13.048,32.771,0.434,0.847
QRTEA,2022-06-30,Q2,2022,2953000000,203000000,121000000.0,0.142,63000000.0,-13000000.0,0.011,1.428,0.0,0.377,0.393,12.27,0.195,1.745
RARE,2022-06-30,Q2,2022,89343000,-158162000,-77257000.0,-1.585,-108180000.0,0.0,0.004,-6.594,2.063,6.152,46.694,-27.486,-1.65,0.038
RCL,2022-06-30,Q2,2022,2184242000,-521582000,478640000.0,-0.1,-476021000.0,0.0,0.015,-4.266,-0.077,2.619,4.075,230.991,0.061,5.388
RE,2022-03-31,Q1,2022,2807894000,297751000,846439000.0,0.0,846439000.0,-61097000.0,0.005,9.824,-0.315,1.228,4.167,23.642,0.116,0.078
REG,2022-06-30,Q2,2022,302083000,104796000,184865000.0,0.397,184865000.0,-106981000.0,0.01,24.345,-0.523,1.666,33.782,62.851,0.714,0.645
RELIANCE.NS,2022-06-30,Q1,2023,2193040000000,179550000000,245185000000.0,0.132,53892500000.0,-11480000000.0,0.001,37.641,3.717,2.348,12.949,79.278,0.136,0.279
RF,2022-06-30,Q2,2022,1735000000,583000000,921000000.0,0.0,921000000.0,-158000000.0,0.009,7.51,0.826,1.061,10.094,-0.849,0.509,0.14
RGLD,2022-06-30,Q4,2022,146441000,71140000,120196000.0,0.464,120155000.0,-22975000.0,0.003,24.605,3.076,2.608,47.811,60.759,0.755,0.0
RHI,2022-06-30,Q2,2022,1862827000,175821000,232916000.0,0.164,212628000.0,-48731000.0,0.006,11.589,2.231,5.553,4.375,30.774,0.136,0.113
RJF,2022-06-30,Q3,2022,2778000000,299000000,5740000000.0,0.0,5714000000.0,-69000000.0,0.004,15.751,-1.755,2.005,6.781,27.232,0.198,0.0
RL,2022-07-02,Q1,2023,1490600000,123400000,45300000.0,0.118,5900000.0,-48100000.0,0.008,12.881,0.031,2.689,4.265,33.624,0.153,1.076
RMD,2022-06-30,Q4,2022,914737000,195061000,79486000.0,0.279,47091000.0,-61488000.0,0.002,39.223,-0.393,9.106,33.456,104.019,0.303,0.264
ROG.SW,2019-06-30,Q2,2019,15366500000,3374250000,5596250000.0,0.285,4372250000.0,-1920500000.0,0.008,17.701,17.962,8.515,15.547,47.954,0.343,0.549
ROK,2022-06-30,Q3,2022,1968700000,297900000,344900000.0,0.183,326600000.0,-130200000.0,0.006,19.402,0.043,9.669,11.744,62.243,0.221,1.566
ROL,2022-06-30,Q2,2022,714049000,100299000,127285000.0,0.186,119399000.0,-49229000.0,0.003,42.852,1.286,15.007,24.077,109.69,0.223,0.347
ROLL,2022-07-02,Q1,2023,354080000,31688000,59035000.0,0.182,51178000.0,-5750000.0,0.001,41.968,0.874,2.219,15.024,78.636,0.245,0.667
ROP,2022-06-30,Q2,2022,1310800000,268800000,-64200000.0,0.277,-78300000.0,-65400000.0,0.002,38.87,-0.448,3.045,31.884,83.357,0.424,0.485
ROST,2022-07-30,Q2,2023,4583009,384517,-416267000.0,0.11,-526115000.0,-108908000.0,0.003,25.577,-3.837,8.541,7.991,64.846,0.113,1.238
RPRX,2022-06-30,Q2,2022,535955000,304504000,574952000.0,0.705,574952000.0,-83049000.0,0.005,15.06,0.031,3.043,34.225,66.41,0.656,1.179
RRC,2022-06-30,Q2,2022,1465065000,452855000,324706000.0,0.588,196732000.0,0.0,0.004,3.327,0.017,3.048,4.113,12.284,0.467,0.937
RS,2022-06-30,Q2,2022,4681200000,572800000,270200000.0,0.168,182700000.0,-53900000.0,0.005,4.571,0.431,1.528,2.237,14.134,0.179,0.19
RSG,2022-06-30,Q2,2022,3413700000,371900000,857900000.0,0.173,544700000.0,-145300000.0,0.004,27.844,5.151,4.495,12.134,54.017,0.273,1.287
RSW.L,2020-09-30,Q1,2021,127553750,72000,26164750.0,0.111,11314750.0,-8369500.0,0.003,10168.83,-102.01,5.35,22.96,208.787,0.107,0.035
RTX,2022-06-30,Q2,2022,16314000000,1304000000,1286000000.0,0.083,766000000.0,-798000000.0,0.006,27.256,1.326,2.018,8.714,60.75,0.172,0.467
SAIC,2022-04-29,Q1,2023,1996000000,73000000,118000000.0,0.063,113000000.0,-22000000.0,0.005,15.99,0.225,2.847,2.339,44.748,0.081,1.535
SAP,2022-06-30,Q2,2022,7516000000,334000000,268000000.0,0.09,33000000.0,0.0,0.0,67.588,-1.252,2.266,12.014,69.82,0.191,0.239
SAP.DE,2022-06-30,Q2,2022,7516000000,334000000,268000000.0,0.09,33000000.0,0.0,0.0,76.194,-1.412,2.555,13.544,77.81,0.191,0.239
SBAC,2022-06-30,Q2,2022,652006000,69516000,372115000.0,0.354,319152000.0,-76565000.0,0.002,124.135,-1.957,-6.347,52.94,139.077,0.519,-2.549
SBNY,2022-03-31,Q1,2022,607963000,338534000,-166847000.0,0.0,-179578000.0,-44370000.0,0.002,13.366,0.818,2.215,29.771,-10.17,0.799,0.401
SBUX,2022-07-03,Q3,2022,8150100000,912900000,1264800000.0,0.159,841300000.0,-561900000.0,0.006,24.978,0.702,-10.524,11.191,65.618,0.209,-2.479
SCHL,2022-05-31,Q4,2022,514400000,52100000,47500000.0,0.127,33500000.0,-5200000.0,0.004,6.183,-0.105,1.059,2.505,14.084,0.148,0.057
SCHW,2022-06-30,Q2,2022,5093000000,1793000000,-7943000000.0,0.463,-8184000000.0,-511000000.0,0.004,16.702,0.56,2.691,23.52,28.224,0.541,0.474
SEE,2022-06-30,Q2,2022,1418000000,113900000,164500000.0,0.16,112600000.0,-29200000.0,0.003,18.497,-0.812,42.199,5.943,48.798,0.172,18.525
SEM,2022-06-30,Q2,2022,1584741000,55207000,171681000.0,0.076,125349000.0,-16108000.0,0.005,13.359,0.824,2.753,1.862,44.121,0.105,4.385
SHEL,2022-06-30,Q2,2022,100059000000,18040000000,18655000000.0,0.238,11978000000.0,-1851000000.0,0.009,2.7,5.657,1.023,1.947,7.459,0.322,0.405
SHELL.AS,2022-06-30,Q2,2022,100059000000,18040000000,18655000000.0,0.238,11978000000.0,-1851000000.0,0.01,2.566,0.016,0.972,1.851,7.127,0.322,0.405
SHLS,2022-06-30,Q2,2022,73490000,4402000,-25859000.0,0.177,-26741000.0,0.0,0.071,181.068,0.84,242.495,28.129,204.954,0.169,35.489
SHW,2022-06-30,Q2,2022,5872300000,577900000,613400000.0,0.144,483900000.0,-156200000.0,0.003,25.001,0.441,25.978,9.841,71.7,0.166,4.53
SI,2022-06-30,Q2,2022,78277000,38605000,155207000.0,0.0,154230000.0,-2688000.0,0.002,10.966,0.248,1.19,21.634,-52.543,0.652,0.573
SILC,2022-06-30,Q2,2022,34154000,4524000,0.0,0.121,0.0,0.0,0.022,86.013,-1.434,1.88,8.587,292.631,0.155,0.0
SIRI,2022-06-30,Q2,2022,2253000000,292000000,533000000.0,0.22,434000000.0,-86000000.0,0.004,20.615,-1.649,-6.728,10.687,53.775,0.282,-2.85
SIVB,2022-06-30,Q2,2022,1274000000,333000000,1052000000.0,0.0,1052000000.0,-40000000.0,0.002,17.476,-0.588,1.462,18.272,26.797,0.552,0.212
SJM,2022-04-30,Q4,2022,2033800000,202100000,393700000.0,0.148,220700000.0,-107000000.0,0.007,18.209,0.094,1.808,7.238,46.464,0.203,0.539
SLB,2022-06-30,Q2,2022,6773000000,959000000,408000000.0,0.142,88000000.0,-177000000.0,0.004,13.182,0.149,3.097,7.466,34.791,0.265,0.793
SM,2022-06-30,Q2,2022,990377000,323485000,542569000.0,0.518,326951000.0,-1218000.0,0.0,3.221,0.006,1.705,4.209,9.112,0.606,0.642
SNA,2022-07-02,Q2,2022,1223000000,231500000,140800000.0,0.255,119500000.0,-75700000.0,0.007,11.413,1.72,2.444,8.642,32.261,0.279,0.283
SO,2022-06-30,Q2,2022,7206000000,1107000000,1987000000.0,0.23,1987000000.0,-723000000.0,0.01,17.103,2.37,2.294,10.509,44.55,0.403,1.595
SOW.DE,2022-03-31,Q1,2022,206032000,17626000,30605000.0,0.141,28912000.0,-474000.0,0.0,32.759,-1.563,1.533,11.21,33.549,0.198,0.0
SPG,2022-06-30,Q2,2022,1279842000,496743000,1100942000.0,0.49,946246000.0,-559069000.0,0.018,15.699,0.972,10.156,24.372,57.048,0.767,8.103
SPGI,2022-06-30,Q2,2022,2993000000,972000000,454000000.0,0.495,430000000.0,-286000000.0,0.003,29.302,-0.812,2.889,38.064,71.382,0.57,0.289
SPNS,2022-03-31,Q1,2022,117695000,13926000,18330000.0,0.141,16131000.0,0.0,0.0,25.112,404.967,3.366,11.885,59.516,0.193,0.231
SPR,2022-06-30,Q2,2022,1257900000,-122200000,-61500000.0,-0.083,-79000000.0,-1100000.0,0.0,-6.27,0.048,13.597,2.436,465.802,0.01,15.519
SQM,2022-03-31,Q1,2022,2019818000,796119000,0.0,0.56,223595000.0,-404275000.0,0.028,11.198,0.055,4.528,13.285,31.454,0.561,0.805
SRE,2022-06-30,Q2,2022,3547000000,659000000,156000000.0,0.0,2763000000.0,-348000000.0,0.007,18.179,37.449,1.649,13.51,140.677,0.143,0.849
SSNC,2022-06-30,Q2,2022,1328700000,110600000,264000000.0,0.185,213700000.0,-51300000.0,0.003,33.459,-0.934,2.444,11.14,56.136,0.292,1.237
SSTK,2022-06-30,Q2,2022,206872000,19445000,36851000.0,0.123,27829000.0,-8665000.0,0.004,26.616,-1.023,4.825,10.007,52.591,0.191,0.087
ST,2022-06-30,Q2,2022,1020548000,34841000,94533000.0,0.136,56175000.0,-17225000.0,0.003,46.383,0.812,2.138,6.334,54.517,0.164,1.402
STE,2022-06-30,Q1,2023,1156491000,111262000,231746000.0,0.137,115813000.0,-43008000.0,0.002,46.359,0.409,3.22,17.84,79.045,0.257,0.468
STLD,2022-06-30,Q2,2022,6212878000,1209554000,1001852000.0,0.26,837710000.0,-64344000.0,0.005,2.549,0.195,1.625,1.985,8.393,0.276,0.397
STM,2022-06-30,Q2,2022,3837000000,867000000,1056000000.0,0.251,247000000.0,-54000000.0,0.002,8.216,39.829,2.805,7.425,22.315,0.338,0.235
STM.PA,2022-06-30,Q2,2022,3837000000,867000000,1056000000.0,0.262,247000000.0,-54000000.0,0.002,7.88,0.491,2.691,7.123,20.599,0.339,0.235
STT,2022-06-30,Q2,2022,2953000000,712000000,-4135000000.0,0.0,-4135000000.0,-245000000.0,0.011,7.934,0.36,0.877,7.652,-133.306,0.332,0.543
STX,2022-07-01,Q4,2022,2628000000,276000000,180000000.0,0.137,108000000.0,-152000000.0,0.01,13.33,-0.731,135.011,5.6,41.766,0.18,46.771
STZ,2022-05-31,Q1,2023,2540700000,389500000,758200000.0,0.321,561600000.0,0.0,0.003,26.049,2.199,3.511,15.974,73.927,0.274,0.889
SWCH,2022-03-31,Q1,2022,164609000,12793000,56512000.0,0.166,-94463000.0,-7811000.0,0.002,88.984,0.389,13.441,27.663,81.715,0.486,5.314
SWK,2022-07-02,Q2,2022,4393000000,87600000,-443900000.0,0.018,-589600000.0,-114000000.0,0.007,48.87,-0.977,1.886,3.898,75.343,0.085,0.589
SWKS,2022-07-01,Q3,2022,1232600000,267300000,213800000.0,0.264,86300000.0,-90000000.0,0.006,13.712,-1.221,2.769,11.895,33.491,0.396,0.355
SWN,2022-06-30,Q2,2022,4138000000,1173000000,427000000.0,0.515,427000000.0,0.0,0.012,1.487,0.011,6.688,1.686,5.041,0.371,5.009
SYF,2022-06-30,Q2,2022,4074000000,793000000,1817000000.0,0.0,1817000000.0,-11000000.0,0.001,4.683,-0.334,1.103,3.646,3.911,0.352,0.0
SYK,2022-06-30,Q2,2022,4493000000,656000000,529000000.0,0.172,386000000.0,-263000000.0,0.003,28.68,0.283,4.801,16.749,90.023,0.217,0.853
SYY,2022-07-02,Q4,2022,18957258000,509989000,368824000.0,0.04,222663000.0,-238479000.0,0.006,34.529,0.422,31.705,2.479,72.443,0.041,8.56
T,2022-06-30,Q2,2022,29643000000,4157000000,5907000000.0,0.167,1179000000.0,-2086000000.0,0.014,9.037,-0.663,1.263,5.069,28.609,0.356,1.248
TAK,2022-06-30,Q1,2023,972465000000,105014000000,84241000000.0,0.155,-14135000000.0,-128873000000.0,0.027,11.423,0.011,0.76,4.934,23.711,0.38,0.684
TAL,2022-02-28,Q4,2022,541152000,-108123000,-626510000.0,0.061,-872251000.0,0.0,0.056,-75.15,0.181,9.766,37.28,-208.822,-0.145,0.442
TAP,2022-06-30,Q2,2022,6423100000,47300000,786100000.0,0.018,786100000.0,-82500000.0,0.007,62.519,-0.912,0.885,1.842,62.171,0.046,0.49
TDG,2022-04-02,Q2,2022,1327000000,199000000,87000000.0,0.392,55000000.0,0.0,0.001,49.358,0.698,-13.552,29.607,92.542,0.443,-6.715
TDS,2022-06-30,Q2,2022,3000000,18000000,353000000.0,21.0,-444000000.0,-76000000.0,0.042,25.22,-0.436,0.306,605.283,6.633,333.333,0.741
TECH,2022-03-31,Q3,2022,290376000,60739000,73128000.0,0.311,58028000.0,-12577000.0,0.001,69.998,-2.914,9.92,58.567,176.625,0.335,0.177
TECN.SW,2019-06-30,Q2,2019,159204750,18292250,24701000.0,0.139,18716750.0,-6208750.0,0.002,41.543,8.208,4.961,19.093,95.565,0.185,0.061
TEL,2022-06-24,Q3,2022,4097000000,594000000,579000000.0,0.175,374000000.0,-180000000.0,0.005,16.044,2.3,3.654,9.305,44.484,0.228,0.324
TELL,2022-06-30,Q2,2022,61350000,-35000,-919000.0,0.136,67950000.0,0.0,0.01,-11377.661,-113.834,2.437,25.964,83.33,0.235,0.659
TER,2022-07-03,Q2,2022,840766000,197787000,115455000.0,0.295,69711000.0,-17547000.0,0.001,17.508,0.73,6.026,16.475,50.041,0.317,0.053
TEVA,2022-06-30,Q2,2022,1904000000,-259000000,123000000.0,-0.498,-4000000.0,0.0,0.001,-8.006,0.09,0.844,4.356,-35.817,-0.421,2.11
TFC,2022-06-30,Q2,2022,3673000000,1454000000,3965000000.0,0.018,3965000000.0,-639000000.0,0.01,10.848,1.205,1.001,17.177,34.482,0.664,0.481
TFX,2022-06-26,Q2,2022,704542000,105514000,39596000.0,0.192,20229000.0,-15946000.0,0.001,28.844,0.793,3.16,17.279,71.257,0.273,0.444
TGT,2022-04-30,Q1,2022,25170000000,1009000000,-1394000000.0,0.053,-2346000000.0,-424000000.0,0.004,26.287,-0.796,9.847,4.215,59.819,0.081,1.481
TJX,2022-04-30,Q1,2023,11406474000,587473000,-634500000.0,0.095,-948900000.0,-309500000.0,0.004,30.627,-0.824,12.862,6.31,73.701,0.096,1.99
TMO,2022-07-02,Q2,2022,10970000000,1664000000,1528000000.0,0.182,1022000000.0,-117000000.0,0.001,32.29,-1.287,5.082,19.592,83.177,0.259,0.692
TMUS,2022-06-30,Q2,2022,19701000000,-108000000,4209000000.0,0.036,521000000.0,0.0,0.0,-390.519,3.373,2.409,8.563,65.476,0.212,1.436
TPIC,2022-06-30,Q2,2022,452368000,-5510000,21893000.0,-0.018,19399000.0,0.0,0.01,-23.802,-0.735,1.327,1.16,42.994,0.031,0.363
TPL,2022-06-30,Q2,2022,176270000,118894000,87670000.0,0.861,84584000.0,-177774000.0,0.015,24.198,1.125,17.834,65.286,71.034,0.888,0.0
TPR,2022-07-02,Q4,2022,1624900000,188800000,236800000.0,0.153,218000000.0,-61600000.0,0.008,10.105,0.164,3.339,4.696,17.125,0.177,1.287
TRIP,2022-06-30,Q2,2022,417000000,31000000,294000000.0,0.151,281000000.0,0.0,0.116,20.097,0.105,3.131,5.976,26.809,0.213,1.151
TROW,2022-06-30,Q2,2022,1513000000,339600000,623600000.0,0.442,555700000.0,-277000000.0,0.011,18.96,-0.453,2.873,17.023,48.564,0.327,0.023
TRV,2022-06-30,Q2,2022,9136000000,551000000,1375000000.0,0.0,1375000000.0,-223000000.0,0.006,18.294,-0.402,1.763,4.413,49.112,0.105,0.314
TSCO,2022-06-25,Q2,2022,3903406000,396478000,566539000.0,0.135,413618000.0,-102622000.0,0.005,14.282,0.125,11.834,5.802,42.823,0.156,1.863
TSEM,2022-03-31,Q1,2022,421132000,54033000,136571000.0,0.15,55731000.0,0.0,0.002,24.394,5.855,3.168,12.52,41.068,0.309,0.114
TSM,2022-03-31,Q1,2022,491075873000,202732975000,372169688000.0,0.456,109451966000.0,-71308546000.0,0.005,19.082,0.868,6.686,31.511,44.483,0.692,0.282
TSN,2022-07-02,Q3,2022,13495000000,750000000,666000000.0,0.077,190000000.0,-163000000.0,0.005,10.202,-0.103,1.581,2.268,27.688,0.101,0.427
TT,2022-06-30,Q2,2022,4190400000,509300000,421700000.0,0.17,352600000.0,-155000000.0,0.005,14.771,0.151,5.257,7.181,43.292,0.187,0.662
TXN,2022-06-30,Q2,2022,5212000000,2291000000,1768000000.0,0.522,1171000000.0,-1060000000.0,0.007,15.425,3.483,10.031,27.122,48.754,0.57,0.479
TXT,2022-07-02,Q2,2022,3154000000,217000000,372000000.0,0.075,306000000.0,-4000000.0,0.0,15.126,1.122,1.931,4.163,37.894,0.124,0.523
UAL,2022-06-30,Q2,2022,12112000000,329000000,2691000000.0,0.072,2141000000.0,0.0,0.045,8.794,0.071,2.92,0.956,38.154,0.071,8.672
UDR,2022-06-30,Q2,2022,369167000,5084000,237067000.0,0.137,194296000.0,-122110000.0,0.008,720.735,-9.61,3.788,39.703,95.683,0.576,1.383
UHS,2022-06-30,Q2,2022,3323407000,164062000,32614000.0,0.07,-175346000.0,-14766000.0,0.002,11.514,1.686,1.28,2.274,32.384,0.116,0.83
UI,2022-03-31,Q3,2022,358068000,50354000,104155000.0,0.175,99584000.0,-36859000.0,0.002,88.774,-1.754,-53.375,49.936,279.909,0.185,-2.238
UNH,2022-06-30,Q2,2022,80037000000,5070000000,6871000000.0,0.089,6214000000.0,-1545000000.0,0.003,23.681,18.402,6.595,6.0,64.961,0.098,0.629
UNIT,2022-06-30,Q2,2022,283975000,53697000,171387000.0,0.527,82076000.0,-71666000.0,0.032,10.335,2.274,-1.069,7.817,31.902,0.801,-2.491
UNP,2022-06-30,Q2,2022,6269000000,1835000000,1931000000.0,0.398,1134000000.0,-813000000.0,0.006,18.178,1.34,10.498,21.284,51.68,0.513,2.437
UPS,2022-06-30,Q2,2022,24766000000,2849000000,3813000000.0,0.143,2973000000.0,-1283000000.0,0.008,14.0,2.033,9.794,6.442,37.128,0.187,1.287
URI,2022-06-30,Q2,2022,2771000000,493000000,1154000000.0,0.258,214000000.0,0.0,0.003,8.773,0.24,2.861,6.243,21.817,0.458,1.719
USB,2022-06-30,Q2,2022,5983000000,1531000000,2249000000.0,0.0,2249000000.0,-603000000.0,0.009,11.167,42.631,1.407,11.43,35.214,0.397,0.605
V,2022-06-30,Q3,2022,7275000000,3411000000,5252000000.0,0.57,5017000000.0,-798000000.0,0.002,27.375,-4.654,10.526,51.34,91.906,0.573,0.579
VFC,2022-07-02,Q1,2023,2261595000,-55960000,-358320000.0,0.028,-437884000.0,-194135000.0,0.011,-76.408,0.458,5.102,7.562,623.64,0.016,1.633
VICI,2022-06-30,Q2,2022,662623000,-57706000,652961000.0,0.116,652729000.0,-269325000.0,0.01,-115.708,0.988,1.227,40.307,526.395,0.117,0.669
VLO,2022-06-30,Q2,2022,51641000000,4693000000,5845000000.0,0.12,5428000000.0,-399000000.0,0.009,2.287,0.005,2.048,0.831,7.438,0.131,0.566
VMC,2022-06-30,Q2,2022,1954300000,187300000,149900000.0,0.157,19700000.0,-53100000.0,0.003,25.226,0.242,2.812,9.671,52.881,0.221,0.672
VMW,2022-04-29,Q1,2023,3088000000,242000000,1005000000.0,0.132,899000000.0,0.0,0.212,0.065,0.0,-0.152,0.02,13.387,0.222,-31.273
VNO,2022-06-30,Q2,2022,453494000,50418000,259611000.0,0.188,346250000.0,-234298000.0,0.043,27.173,0.317,0.857,12.084,27.244,0.519,0.186
VONN.SW,2019-06-30,Q2,2019,315575000,62750000,-258150000.0,0.0,-273900000.0,-34450000.0,0.011,12.305,43.848,1.784,9.787,-37.304,0.333,0.259
VOW3.DE,2022-03-31,Q1,2022,62742000000,6684000000,9313000000.0,0.133,5332000000.0,0.0,0.001,2.944,0.05,0.501,1.254,13.542,0.254,0.806
VRSK,2022-06-30,Q2,2022,746300000,197700000,130200000.0,0.361,61000000.0,-49200000.0,0.002,34.577,-0.573,11.626,36.639,84.254,0.487,1.094
VTR,2022-06-30,Q2,2022,1022938000,-42416000,278079000.0,0.128,179516000.0,-180077000.0,0.009,-121.128,0.577,1.955,20.09,89.417,0.346,1.155
VTRS,2022-06-30,Q2,2022,4116800000,313900000,802500000.0,0.133,713000000.0,-145500000.0,0.011,10.109,-0.477,0.641,3.083,26.252,0.305,0.979
VUZI,2022-03-31,Q1,2022,2503051,-10506001,-6435079.0,-4.16,-6652306.0,0.0,0.007,-10.004,-0.246,3.07,167.95,-30.732,-4.0,0.003
VZ,2022-06-30,Q2,2022,33789000000,5199000000,10844000000.0,0.224,5737000000.0,-2724000000.0,0.013,10.252,0.745,2.479,6.31,32.659,0.351,1.846
W,2022-06-30,Q2,2022,3284000000,-378000000,-115000000.0,-0.113,-244000000.0,0.0,0.015,-3.025,0.164,-2.132,1.393,-31.137,-0.085,-1.862
WAB,2022-06-30,Q2,2022,2048000000,166000000,263000000.0,0.129,233000000.0,-27000000.0,0.002,22.485,1.635,1.507,7.29,49.318,0.182,0.403
WBA,2022-05-31,Q3,2022,32597000000,289000000,1629000000.0,-0.01,1258000000.0,-418000000.0,0.011,32.759,-0.484,1.442,1.162,115.103,0.019,1.227
WBD,2022-06-30,Q2,2022,9827000000,-3418000000,1011000000.0,-0.37,789000000.0,0.0,0.0,-2.244,0.008,0.597,3.122,15.409,0.421,1.0
WCN,2022-06-30,Q2,2022,1816435000,224074000,532781000.0,0.181,313671000.0,-59421000.0,0.002,35.569,1.465,4.644,17.551,67.664,0.305,0.841
WDC,2022-07-01,Q4,2022,4528000000,301000000,295000000.0,0.124,17000000.0,0.0,0.012,11.324,0.01,1.116,3.011,23.409,0.173,0.575
WEC,2022-06-30,Q2,2022,2127900000,287800000,685800000.0,0.192,40500000.0,-229400000.0,0.007,27.573,-0.561,2.804,14.917,62.668,0.353,1.195
WELL,2022-03-31,Q1,2022,1389719000,61925000,324520000.0,0.14,319041000.0,-273045000.0,0.006,173.642,22.573,2.403,30.949,119.364,0.358,0.827
WETF,2022-06-30,Q2,2022,77253000,8005000,11234000.0,0.205,11083000.0,-4837000.0,0.007,22.65,0.128,2.819,9.388,55.662,0.19,0.573
WEX,2022-06-30,Q2,2022,598237000,34129000,22865000.0,0.286,1427000.0,0.0,0.445,51.038,-0.707,3.836,11.647,76.989,0.206,1.52
WFC,2022-06-30,Q2,2022,17028000000,10198000000,7588000000.0,0.0,7588000000.0,-338000000.0,0.002,3.679,0.018,0.829,8.813,22.626,0.749,0.835
WHR,2022-06-30,Q2,2022,5097000000,-371000000,148000000.0,-0.06,18000000.0,-97000000.0,0.011,-5.844,0.026,2.149,1.702,-73.621,-0.034,1.384
WK,2022-03-31,Q1,2022,129674000,-18493000,-937000.0,-0.132,-1509000.0,0.0,0.0,-83.901,3.356,246.352,47.861,-415.794,-0.116,14.658
WKHS,2022-03-31,Q1,2022,14299,-22054535,-30742480.0,-1386.897,-34338322.0,0.0,0.001,-8.612,-0.098,4.864,53129.411,-29.225,-1000.0,0.204
WLY,2022-04-30,Q4,2022,2082928000,148309000,339100000.0,0.105,250257000.0,-77205000.0,0.027,4.786,0.019,2.486,1.363,8.383,0.168,0.132
WM,2022-06-30,Q2,2022,5027000000,587000000,1047000000.0,0.177,497000000.0,-269000000.0,0.004,27.0,1.86,8.817,12.611,55.757,0.274,1.954
WMB,2022-06-30,Q2,2022,2490000000,400000000,1098000000.0,0.19,778000000.0,-517000000.0,0.014,23.772,3.685,3.388,15.275,52.848,0.459,1.853
WMS,2022-06-30,Q1,2023,914186000,187146000,249765000.0,0.275,213576000.0,-10170000.0,0.001,10.004,0.032,39.659,8.192,28.869,0.316,6.835
WMT,2022-07-31,Q2,2023,152859000000,5149000000,-3758000000.0,0.045,-7297000000.0,-1543000000.0,0.004,51.562,-1.209,5.509,2.992,86.52,0.043,0.648
WRB,2022-06-30,Q2,2022,2552714000,179322000,1005653000.0,0.0,983625000.0,-22983000.0,0.001,26.343,-0.379,2.901,7.402,60.33,0.114,0.0
WRK,2022-06-30,Q3,2022,5519700000,377900000,837400000.0,0.098,622000000.0,-63800000.0,0.006,6.737,0.008,0.889,1.845,17.748,0.178,0.666
WST,2022-06-30,Q2,2022,771300000,188500000,173100000.0,0.296,107000000.0,-13100000.0,0.001,29.836,3.476,9.279,29.167,83.435,0.344,0.115
WTW,2022-06-30,Q2,2022,2031000000,109000000,237000000.0,0.067,190000000.0,-91000000.0,0.004,50.706,-49.692,2.139,10.885,78.605,0.161,0.52
WU,2022-06-30,Q2,2022,1138300000,194000000,106800000.0,0.232,52300000.0,-93000000.0,0.015,8.207,-0.246,14.207,5.595,25.619,0.27,5.432
WWD,2022-06-30,Q3,2022,614332000,39446000,35908000.0,0.09,22953000.0,-11438000.0,0.002,35.467,-2.276,2.931,9.109,67.865,0.144,0.386
WY,2022-06-30,Q2,2022,2973000000,788000000,1146000000.0,0.352,800000000.0,-134000000.0,0.005,7.823,2.686,2.28,8.294,24.231,0.389,0.467
WYNN,2022-06-30,Q2,2022,908832000,-130051000,-40066000.0,-0.057,-138235000.0,-128000.0,0.0,-12.538,-0.443,-10.704,7.177,159.659,0.207,-18.835
X,2022-06-30,Q2,2022,6290000000,978000000,905000000.0,0.211,594000000.0,0.0,0.001,1.178,0.074,0.452,0.733,3.781,0.238,0.391
X.TO,2022-06-30,Q2,2022,286100000,92100000,152000000.0,0.483,138600000.0,-46300000.0,0.006,19.89,-0.303,1.906,25.612,30.344,0.931,0.283
XEL,2022-06-30,Q2,2022,3424000000,328000000,848000000.0,0.137,-250000000.0,-257000000.0,0.007,29.447,-2.061,2.419,11.284,54.408,0.341,1.519
XOM,2022-06-30,Q2,2022,111265000000,17850000000,19963000000.0,0.187,16126000000.0,-3727000000.0,0.01,5.129,0.022,2.065,3.291,13.663,0.259,0.223
XONE,2021-09-30,Q3,2021,19043000,-4907000,-4845000.0,-0.377,-5607000.0,0.0,0.001,-26.321,-2.193,3.283,27.129,-98.582,-0.211,0.004
XP,2022-06-30,Q2,2022,1689000000,913000000,1103054000.0,-0.55,1089470000.0,0.0,0.004,27.82,-2.029,6.117,67.588,121.873,0.56,0.018
XPER,2022-06-30,Q2,2022,234018000,-5625000,40760000.0,0.106,36126000.0,-5200000.0,0.003,-66.699,0.544,1.098,6.413,27.937,0.302,0.556
XRAY,2022-03-31,Q1,2022,965000000,65000000,93000000.0,0.096,49000000.0,-24000000.0,0.002,41.269,-1.141,2.187,11.119,71.128,0.185,0.414
XYL,2022-06-30,Q2,2022,1364000000,112000000,113000000.0,0.107,67000000.0,-55000000.0,0.004,31.447,0.832,4.409,10.328,74.26,0.152,0.588
YUM,2022-06-30,Q2,2022,1636000000,224000000,269000000.0,0.339,214000000.0,-162000000.0,0.005,36.232,-0.833,-3.789,19.843,76.603,0.35,-1.347
ZBH,2022-06-30,Q2,2022,1781800000,153700000,352500000.0,0.158,311600000.0,-50300000.0,0.002,35.817,0.038,1.817,12.359,59.031,0.264,0.437
ZD,2022-06-30,Q2,2022,337356000,-46436000,75973000.0,0.136,52599000.0,0.0,0.0,-18.85,0.065,1.951,10.379,35.893,0.09,0.6
ZION,2022-06-30,Q2,2022,765000000,203000000,516000000.0,0.0,516000000.0,-64000000.0,0.008,9.443,-0.148,1.361,10.023,27.448,0.393,0.119
ZTS,2022-06-30,Q2,2022,2052000000,529000000,336000000.0,0.354,190000000.0,-153000000.0,0.002,38.18,-3.7,17.639,39.371,99.268,0.409,1.175
